food_name,image_url
Arroz integral cozido,https://encrypted-tbn0.gstatic.com/images?q=tbn:ANd9GcSx9VMwlighPoZ9QNBQgsgCyfXJ-CMwaHLEYZuxk-tBrzxYMZD6BWyMRXxUXw&s
Arroz integral cru,https://encrypted-tbn0.gstatic.com/images?q=tbn:ANd9GcQDkFIGBrhaDa3dmdasbd3HFA7lmbtkptL7pZg3FWXkyuPc6cz8VGWVwfpaW8Y&s
Arroz tipo 1 cozido,https://encrypted-tbn0.gstatic.com/images?q=tbn:ANd9GcRdxkQSDksGsdtEVYqhb7PPBzdXEY5aA5Pnx74ud9MtYS9L4lfW_Z2-kSoWrw&s
Arroz tipo 1 cru,https://encrypted-tbn0.gstatic.com/images?q=tbn:ANd9GcRaGBkaLTKml1ICIgWJOJFCLHSUIM-Z5eyR-41RtGsT8fof1maKAh9kTOfnKA&s
Arroz tipo 2 cozido,https://encrypted-tbn0.gstatic.com/images?q=tbn:ANd9GcR_WvkeGc0I_hloZwqjxqggJQ2Mi98C9Xt1tQhf2SrcBdC-bqVIVG6lXNbsaw&s
Arroz tipo 2 cru,https://encrypted-tbn0.gstatic.com/images?q=tbn:ANd9GcRaGBkaLTKml1ICIgWJOJFCLHSUIM-Z5eyR-41RtGsT8fof1maKAh9kTOfnKA&s
Aveia flocos crua,https://encrypted-tbn0.gstatic.com/images?q=tbn:ANd9GcTm6Sp_jEUndrBeyx1QiFzLBZwA4M1esnSt8R2A6Jab5rHFxrInGllrzfxohDY&s
Biscoito doce maisena,https://encrypted-tbn0.gstatic.com/images?q=tbn:ANd9GcR57PGrP2M3DdCucfWeQ9Jdxm8QToBk51aueW6P0Tf8P6sj4dzfuEafn_esBw&s
Biscoito doce recheado com chocolate,https://encrypted-tbn0.gstatic.com/images?q=tbn:ANd9GcQ6WHlR2YFxABX60BZqepYF3AuPpuIDsPPIeRuSmp5c73KxAe_O0pZFIL2ZLGk&s
Biscoito doce recheado com morango,https://encrypted-tbn0.gstatic.com/images?q=tbn:ANd9GcR8CfW5RlH-wa5amZMwUaTDzkqfXLwhdjGpiEUEkKGqym7ecbRKdseegDF2Fo4&s
Biscoito doce wafer recheado de chocolate,https://encrypted-tbn0.gstatic.com/images?q=tbn:ANd9GcSnbvCWKigmghgVRKdnG8m79CoUPw81FMJL7YqOZcVQmms8locjBVkg_aaEeQ&s
Biscoito doce wafer recheado de morango,https://encrypted-tbn0.gstatic.com/images?q=tbn:ANd9GcRGr48OcL_QncERvmwCa8BFYPKG490elROJn7X4kN5ODS-zJ7EI8E2zOzBhV-c&s
Biscoito salgado cream cracker,https://encrypted-tbn0.gstatic.com/images?q=tbn:ANd9GcR41yzsXj-Fh-QRdQsPe8l6BnNbkoiNK5kaJVmU2rXtF6h5vbSkdugdt3tWrg&s
Bolo mistura para,https://encrypted-tbn0.gstatic.com/images?q=tbn:ANd9GcSTek1LP857TvwYiLNzD9KmM48Rl9UJPlEWqmJN7oQMU6Cy6qo3GKgJvAwkPA&s
Bolo pronto aipim,https://encrypted-tbn0.gstatic.com/images?q=tbn:ANd9GcT37mV2D1lbozQPRXACVddB77ZuGfGw8Q-FqqJbk3EQ-1ay75vUFdIXjOTHlzk&s
Bolo pronto chocolate,https://encrypted-tbn0.gstatic.com/images?q=tbn:ANd9GcR42hwrG9f7WORXcH3qO6s7PzVLNlQewpnZHX-MzHwpgJ-JYWrIuXlN_XlyeA&s
Bolo pronto coco,https://encrypted-tbn0.gstatic.com/images?q=tbn:ANd9GcRD_IaCBzc9HCyLfqG0qNuFXtIqi6wvrjARzjWrujkGaO3y2LisVOYUmEyMtCI&s
Bolo pronto milho,https://encrypted-tbn0.gstatic.com/images?q=tbn:ANd9GcRS1rZ2GLovok6koqgAHEZxX4VjG9D4CmKfYXFwR-mSiVjqz22osYXHDxQlxQ&s
Canjica branca crua,https://encrypted-tbn0.gstatic.com/images?q=tbn:ANd9GcQ0Zzah2LFvdlIiZrZruiN4NznioLqmhC1TPK4Nq7jzeTc8nnqdGZRRqAriitQ&s
Canjica com leite integral,https://encrypted-tbn0.gstatic.com/images?q=tbn:ANd9GcRI0U6DA0ndefWn4GfUIUFbI4bt-X8Gfzax51GfrYHwN57zVOdR8Z0IP_UM4A&s
Cereais milho flocos com sal,https://encrypted-tbn0.gstatic.com/images?q=tbn:ANd9GcTyK0vBDNMdVntLrvyPh4KLADRS30AejHhUr7hzdERErpeLA5803V8thgxsmQ&s
Cereais milho flocos sem sal,https://encrypted-tbn0.gstatic.com/images?q=tbn:ANd9GcSzIU4BF5Q9InvYrYCiu3zvVuTLH6i2-Sn7e47GGEcQYihmG_afLIYEaW2OeA&s
Cereais mingau milho infantil,https://encrypted-tbn0.gstatic.com/images?q=tbn:ANd9GcS2KfYq4EAFqyUOTchSBriIEr3EeYWSwOpjfjF2RTl7vSktpy5da4N2jtNHzQk&s
Cereais mistura para vitamina trigo cevada e aveia,https://encrypted-tbn0.gstatic.com/images?q=tbn:ANd9GcQcYcsK_XiNdymRnAvtgBIsyGowsnaeHWjoMrGTHoNYeolE895agD8yw0GKwQ&s
Cereal matinal milho,https://encrypted-tbn0.gstatic.com/images?q=tbn:ANd9GcQ4hrvHjhU6q5K-zSpOQgJYmzbLGHl3MWTkFVXmF2rDSe-JLEwpB6hWEAFTYA&s
Cereal matinal milho açúcar,https://encrypted-tbn0.gstatic.com/images?q=tbn:ANd9GcSf2evbngHy554nb7f8YN2WnJaJHk21e_9FqmciOf_gbCWg71-PZ_nEVIG8xw&s
Creme de arroz pó,https://encrypted-tbn0.gstatic.com/images?q=tbn:ANd9GcQZXnhsXozAkaB7D5tqj2mh8JIgbjeM255D0Oh85jAITtBg8fMROgQBOxnn_A&s
Creme de milho pó,https://encrypted-tbn0.gstatic.com/images?q=tbn:ANd9GcRJ0n9ik5l64XV9IBg6MkE5m2nfY5f6EP15gQdk4tbBFzhcAPXC_VA2JGDQNvw&s
Curau milho verde,https://encrypted-tbn0.gstatic.com/images?q=tbn:ANd9GcTM7nl65KXNTbsxYJD-egfJDoq9kPZh5UdTxajQ2nSdKAOdSAn7QvfiiTVkjxg&s
Curau milho verde mistura para,https://encrypted-tbn0.gstatic.com/images?q=tbn:ANd9GcSJTPx1fdLoQ7tsqGpQ2UIKyO0xYR6HhD9Zx5IgPVntQR9qLuR8VGC-jcPO8mw&s
Farinha de arroz enriquecida,https://encrypted-tbn0.gstatic.com/images?q=tbn:ANd9GcToyTlEdwjAd7jVWQFOagnIc1rejdCEgRhAd2X82jVS6qpRdzxDDG2u0ouGvA&s
Farinha de centeio integral,https://encrypted-tbn0.gstatic.com/images?q=tbn:ANd9GcS-MSBt4xxrcgxE4G_NjOZD7w1LQV295KsRb5D5bDkeJyPWPwPMoV3gvlACmh4&s
Farinha de milho amarela,https://encrypted-tbn0.gstatic.com/images?q=tbn:ANd9GcTS_cnUKTWt46K-8d_WZFsYKQhcAc_jJp-T2Xcwn0GwtlzdhA9VenvWNEbYKQ&s
Farinha de rosca,https://encrypted-tbn0.gstatic.com/images?q=tbn:ANd9GcSL-5JX7cZdHNWzfVrV1kCJKmHMkhQRPyKcRPNVZB0Fst-slFtAMTnhSypn6Q&s
Farinha de trigo,https://encrypted-tbn0.gstatic.com/images?q=tbn:ANd9GcSwLvjEDQzfJv-CZ1AvsXwFbtYLTtBN7ugOjFzxqzmmc217QcpPrqI9rDLO&s
Farinha láctea de cereais,https://encrypted-tbn0.gstatic.com/images?q=tbn:ANd9GcTO9jS2LwslGSXX7Am9DJ8QhB-aZlOmtbXFLxiwVXum8BpF5VQlB4Bjh4bR54g&s
Lasanha massa fresca cozida,https://encrypted-tbn0.gstatic.com/images?q=tbn:ANd9GcS-vOdAmk7kDTa6-pUPnpUI0gcjPTLMh_--uDK6QKaqqU0XEsvJDCaBQSQodA&s
Lasanha massa fresca crua,https://encrypted-tbn0.gstatic.com/images?q=tbn:ANd9GcT9Mc1IZFQEigKV2u9GHDFyLuhKro32Y2zQnl848-2rxPetuo6XQwbiZIVk_Po&s
Macarrão instantâneo,https://encrypted-tbn0.gstatic.com/images?q=tbn:ANd9GcREqoaZQf0cgCQ8SaoLUKqktphBJHhE-g130ytpC_F0f0rq1bbV8dDpbnKhPQ&s
Macarrão trigo cru,https://encrypted-tbn0.gstatic.com/images?q=tbn:ANd9GcS8xgRUvIJD_DWZPpa224totoZ0fNWkjsiYsqW5MHSlZbG9SCENOVc7ARzaNuI&s
Macarrão trigo cru com ovos,https://encrypted-tbn0.gstatic.com/images?q=tbn:ANd9GcRe8k0hPO5XEH4RtG6D8yVRL73tqZIF_rj8kTuICpdF0fh5sMFvWULaoBRV&s
Milho amido cru,https://encrypted-tbn0.gstatic.com/images?q=tbn:ANd9GcRgVk3yA_NTvwX_NmTga7hF7y1Lis7nHD5m1OEokO1aiXMrugd48ZETL8pVN1Q&s
Milho fubá cru,https://encrypted-tbn0.gstatic.com/images?q=tbn:ANd9GcQ3DCFss8JlEibEjk3xYhnpea1yxYedz0Nxea141Gs8nZGbtYocaU8ns2klCxs&s
Milho verde cru,https://encrypted-tbn0.gstatic.com/images?q=tbn:ANd9GcQrlHyclrUjsSZMGPCMyZzF_EKx_ub8dX00sJ5wV4s2CSU9rylXjKZvIJqNeS8&s
Milho verde enlatado drenado,https://encrypted-tbn0.gstatic.com/images?q=tbn:ANd9GcRdqu-ZNd2fBjm065s_uqmAztnJo1XlYnrC0jhaVYamfLXbrsm42eB38nyCiw&s
Mingau tradicional pó,https://encrypted-tbn0.gstatic.com/images?q=tbn:ANd9GcSEW4pVGLwiGvTqx9KNYPOMld6WPBxj5KHhzi5Y8m9slqYfZgDjl8nwNiAnHJs&s
Pamonha barra para cozimento pré-cozida,https://encrypted-tbn0.gstatic.com/images?q=tbn:ANd9GcRNGV0ul-CR77wFMx7w97OrgBk5qAyoGjloagqIIDTpt611gT8VXxeolLINKCg&s
Pão aveia forma,https://encrypted-tbn0.gstatic.com/images?q=tbn:ANd9GcTrFEhVJDgQqePwuUkk3pbOkmBzS_FmkZ2rulPGCB6bDVqNAaGzc88qj1DkFw&s
Pão de soja,https://encrypted-tbn0.gstatic.com/images?q=tbn:ANd9GcSb4Ct_gXl_joIachUeLntCqth-0fy50aWW4DBSiSNXU8zfG2xHcg5pAzzK5g&s
Pão glúten forma,https://encrypted-tbn0.gstatic.com/images?q=tbn:ANd9GcRkrzxsjDKQ94kWmS_qTqmlV1DFa6qmifZu4ysoE8GoVNBOkH6TrfUuJwk3HGo&s
Pão milho forma,https://encrypted-tbn0.gstatic.com/images?q=tbn:ANd9GcQND834DD-pQ1YyHgCbLzx7R3JCUH1ywPHdpYbXaGajS1MaEecmqIl7tt4Z4Xo&s
Pão trigo forma integral,https://encrypted-tbn0.gstatic.com/images?q=tbn:ANd9GcS5BXAT6J4wif-PY4EurrOnxXQrSRMHn-Qo7WJ-6hzy2MrULr0NpcDPGyacOA&s
Pão trigo francês,https://encrypted-tbn0.gstatic.com/images?q=tbn:ANd9GcQVqWIUNcV4G0zCjhGp0jpTRBIrIAB-ENvclVeao0zpDEcqnfz0ghWdvSP0iw&s
Pão trigo sovado,https://encrypted-tbn0.gstatic.com/images?q=tbn:ANd9GcSvA355WmgVTi7Wki1zQbuX-DEMRLSL3rUDczybKqyhNaxA_HXx0-vudefK7Lg&s
Pastel de carne cru,https://encrypted-tbn0.gstatic.com/images?q=tbn:ANd9GcSmfePq_-kizj3uDed6IRfLhJXp9w6gia0cyD5XpDWR-eCFeF39PGjusQ2ybPc&s
Pastel de carne frito,https://encrypted-tbn0.gstatic.com/images?q=tbn:ANd9GcSvgnvuas2iGzo2icPQq0d9S7ZR6gdcrE7vEPmV2VEYW606PWN_fx-gjGbPtUs&s
Pastel de queijo cru,https://encrypted-tbn0.gstatic.com/images?q=tbn:ANd9GcQz0fYkSPSHTEzaazKnHltxts6Dr3aBLzb5GCdU3UVSMimG-0hGsc0Wk1c1tZg&s
Pastel de queijo frito,https://encrypted-tbn0.gstatic.com/images?q=tbn:ANd9GcQz0fYkSPSHTEzaazKnHltxts6Dr3aBLzb5GCdU3UVSMimG-0hGsc0Wk1c1tZg&s
Pastel massa crua,https://encrypted-tbn0.gstatic.com/images?q=tbn:ANd9GcTDNSESeR1K2ePRbFef0etZtT1_0ys3tLclMHzf9E8CqukN9u9jk01IF9E0aA&s
Pastel massa frita,https://encrypted-tbn0.gstatic.com/images?q=tbn:ANd9GcRUXRJMO2x2SFDbrxzgWeuAb0MFWWI7-xx1BMsm7wD8Tk5FDFglMHinpP8NDg&s
Pipoca com óleo de soja sem sal,https://encrypted-tbn0.gstatic.com/images?q=tbn:ANd9GcTTK4aVNWOYza-X0ZVD8PQ5NwOunmoZ88o7VDpfkT8SvKoxVGF0b_kjfvOTbQ&s
Polenta pré-cozida,https://encrypted-tbn0.gstatic.com/images?q=tbn:ANd9GcTU4LznEqi-pkIwSBDKVN1vgYq9WwufxqFIyWr3-u9XuoVor8pgixqnSH7F_n4&s
Torrada pão francês,https://encrypted-tbn0.gstatic.com/images?q=tbn:ANd9GcS4WGdy4lLeILqmBtMGY3UKHvD3ILHD8a-1aPpd_SEp6_nQ7lG59XTQHot3EA&s
Abóbora cabotian cozida,https://encrypted-tbn0.gstatic.com/images?q=tbn:ANd9GcQlJCzlildM4jsKbAe84cDVwovnEXy7pXXXNG65pqbSiJ8lole__5qjZ5TfhQ&s
Abóbora cabotian crua,https://encrypted-tbn0.gstatic.com/images?q=tbn:ANd9GcR8o2MLzITOctdi15965MBDfyAA_hyQ_j8L2czjCjAauHyn0z_rFmDKoGIVDCA&s
Abóbora menina brasileira crua,https://encrypted-tbn0.gstatic.com/images?q=tbn:ANd9GcR9iHhJDXIh56QAk4ZngnalT0sw5icPRrLxf2kU0kyYmOQ81vQdG047YAsGow&s
Abóbora moranga crua,https://encrypted-tbn0.gstatic.com/images?q=tbn:ANd9GcQP8YR9m5BqR8hPuNuLHEA7YrxZo_kqEm8CvsiE-0d5IwBIgE0HthCIochW4Ls&s
Abóbora moranga refogada,https://encrypted-tbn0.gstatic.com/images?q=tbn:ANd9GcS8TGHpw0oShO0TskY5fzRqMFr2EZlfa953O_uNVRxR99cQi93lKmSSxe0aHw&s
Abobora pescoço crua,https://encrypted-tbn0.gstatic.com/images?q=tbn:ANd9GcQH9u99UcyP69u2j4I99opZal7zoR6vtNxX1qHddQITQBDBDxPIhsJcjhB2urA&s
Abobrinha italiana cozida,https://encrypted-tbn0.gstatic.com/images?q=tbn:ANd9GcSAByxEMDLlB_dWBllF6N8kX55yhYCiwaSQ26ejEGUVxy3C5sEUeRB2eonw7w&s
Abobrinha italiana crua,https://encrypted-tbn0.gstatic.com/images?q=tbn:ANd9GcSICP-637tWFZEVHXhTMj96YSmOcprgDbwdZBgXnBkYCIBprDaY8OTXJ_X1YFM&s
Abobrinha italiana refogada,https://encrypted-tbn0.gstatic.com/images?q=tbn:ANd9GcR4wffya8m4jWLS0x_cz3ZnZzPV9YX4juSJGkMfYPRgQ-cVGEeB8PwY1ncs7zw&s
Abobrinha paulista crua,https://encrypted-tbn0.gstatic.com/images?q=tbn:ANd9GcRmmgaXmtW1o0BidLOS9-nZpdwDp7by9y5bX2coXOdHf83ALgdd-5pueLQFuQ&s
Acelga crua,https://encrypted-tbn0.gstatic.com/images?q=tbn:ANd9GcTFnriE37WjZLc5uvQzKkYKFTQSngsycohc67CPUsYpIfwJ0Mo5rZ8RSpI3nE4&s
Agrião cru,https://encrypted-tbn0.gstatic.com/images?q=tbn:ANd9GcQkHocFDym3ACbagCe0hKpJ9F1steEZkNWl1dFAU7sumcva650t4ZimimlBn9w&s
Aipo cru,https://encrypted-tbn0.gstatic.com/images?q=tbn:ANd9GcSDs_Lmg8y2FVG4s5eY0HI0sulxoDKmBCwyUjg_GdNM2sPepNrJFn6i_yIICJo&s
Alface americana crua,https://encrypted-tbn0.gstatic.com/images?q=tbn:ANd9GcSlw-SVyq_kshP6ooic7Zlgu9DxcomAHUDUQ4iOiSMKm_xXjMn18ICaNABg1jI&s
Alface crespa crua,https://encrypted-tbn0.gstatic.com/images?q=tbn:ANd9GcSlw-SVyq_kshP6ooic7Zlgu9DxcomAHUDUQ4iOiSMKm_xXjMn18ICaNABg1jI&s
Alface lisa crua,https://encrypted-tbn0.gstatic.com/images?q=tbn:ANd9GcSlw-SVyq_kshP6ooic7Zlgu9DxcomAHUDUQ4iOiSMKm_xXjMn18ICaNABg1jI&s
Alface roxa crua,https://encrypted-tbn0.gstatic.com/images?q=tbn:ANd9GcR8kgR4Je6zena4evrE37dl_FG1IGiT5U-UZWIIext6JYKcVncnFTj4u2x_sQ&s
Alfavaca crua,https://encrypted-tbn0.gstatic.com/images?q=tbn:ANd9GcRM0EwpKrL4ajeKk8IEWIMJ9_XEn34fSdcxOI2o6Lmd59y0jQCmrUEUoBrw384&s
Alho cru,https://encrypted-tbn0.gstatic.com/images?q=tbn:ANd9GcQzEh-tiSlRzXuTgPxyFyM7A64X2f2Ti_9zdouatrM6UN7EpSPJLtxufMJrtV0&s
Alho-poró cru,https://encrypted-tbn0.gstatic.com/images?q=tbn:ANd9GcQ7CJcdWW77LfU4xWHMUlbVYYiNSgrRPSqFkyku3Y4R8RQDWHE9tgycM0m5Gg&s
Almeirão cru,https://encrypted-tbn0.gstatic.com/images?q=tbn:ANd9GcRiZvgguLd9QZDtASqxg7BGssJH_pNC7bZ9zwehPRH6kEX58XlnJLpzJQFcxwc&s
Almeirão refogado,https://encrypted-tbn0.gstatic.com/images?q=tbn:ANd9GcS3Emo8adkHewvavw8jtk1BlkexKgORmC7wFyvPV3zaKsY0R5bFw3kFZZ8l3A&s
Batata baroa cozida,https://encrypted-tbn0.gstatic.com/images?q=tbn:ANd9GcRIe48wmkBJSfFvBHl0lGGJKCLKqOrcnHJgDBrUXOyuJ9qYRz6xTZcJt2PgFsA&s
Batata baroa crua,https://encrypted-tbn0.gstatic.com/images?q=tbn:ANd9GcRwL-ZAjkDQfvCG62C8ltjlJJlKtQ7Wq0NOYnZXyCwDd277OacWN8Fj9fAHrw&s
Batata doce cozida,https://encrypted-tbn0.gstatic.com/images?q=tbn:ANd9GcQfHr4_uUCBBYmltv9oeWhRrNKeBagIj__b8rbhM35bOl2dwIEtdlspml5igYo&s
Batata doce crua,https://encrypted-tbn0.gstatic.com/images?q=tbn:ANd9GcS82s1EHqPyiSiSUHr6e7a6rIs-miPEUcf0zLGhjcWvMsltcFwCSAfAx-aSAA&s
Batata frita tipo chips industrializada,https://encrypted-tbn0.gstatic.com/images?q=tbn:ANd9GcQJdguzsODn8gHGd_Ky_CO3u5jZq10iVyy4-i0w3lFnvbk49pqiGJJzlLqCwv8&s
Batata inglesa cozida,https://encrypted-tbn0.gstatic.com/images?q=tbn:ANd9GcQMRWVZRGqw3tLY9MGtym0rkhfa4Ni5mAkZ-XBn62Ch51YxrMTNTqOFoCJrDw&s
Batata inglesa crua,https://encrypted-tbn0.gstatic.com/images?q=tbn:ANd9GcT9pcZnd3OwL1L2X_cZXgF__dMTrBPEdgUx6a8Uds6FznNxcgT4SgrrzElK2uI&s
Batata inglesa frita,https://encrypted-tbn0.gstatic.com/images?q=tbn:ANd9GcQnD6v4CNoG41d7gKM3cAHsdDfQz8PUjmYiwEKMj5P8g2IGdgx8TwbORtQr9g&s
Batata inglesa sauté,https://encrypted-tbn0.gstatic.com/images?q=tbn:ANd9GcQmHIVIvpSVDCaB9nLKr0p3WNzfLm_G49YoIyD-bHZtff3T0BLd-e6PXjjJtaA&s
Berinjela cozida,https://encrypted-tbn0.gstatic.com/images?q=tbn:ANd9GcTT3zeyoDU43YVY_G44HHY5iTXNem4jTYzHXWSxLqed45lt3fBg-eDKqt7OVLA&s
Berinjela crua,https://encrypted-tbn0.gstatic.com/images?q=tbn:ANd9GcQOd0CZprdHt5yfMEfMHOdGzKTfZ0QeaR9-bzrClfwUXMZTA5TYLJTblvy3yw&s
Beterraba cozida,https://encrypted-tbn0.gstatic.com/images?q=tbn:ANd9GcRNbvjTi-7f_OxvWo7u5rh3NhgqGJREk6_r5fEdUAHdvGrYuNhixh9ylM28_5k&s
Beterraba crua,https://encrypted-tbn0.gstatic.com/images?q=tbn:ANd9GcSRvX8Orc16brw1sKpBhW0ul7vchpR5Vv8nwIVmtDxu6v2KoLrf_1BtvC0FJNg&s
Biscoito polvilho doce,https://encrypted-tbn0.gstatic.com/images?q=tbn:ANd9GcR646dhDpnchkQppgoTdCImYqOQUOUjciB9LUzGBC_MglmZUQuFTBryc0xMMpc&s
Brócolis cozido,https://encrypted-tbn0.gstatic.com/images?q=tbn:ANd9GcTvwd1pQaqzV-IRWNh5m_GhpAcsZTKJ63UljUw0rj4gqmVA4kdG9iOotG7ogQ&s
Brócolis cru,https://encrypted-tbn0.gstatic.com/images?q=tbn:ANd9GcSqedWPvt1X84HLSFHePIsIbAUaoRQuVe3RI671hGtKAzmVa_IjiIaEq0oRD4M&s
Cará cozido,https://encrypted-tbn0.gstatic.com/images?q=tbn:ANd9GcTS7ymCbGZzN3bW5q5TYlIwshn7A-BZ6JXD0Yjw_sR94jLyc75Y3YrpOeLQXeg&s
Cará cru,https://encrypted-tbn0.gstatic.com/images?q=tbn:ANd9GcTS7ymCbGZzN3bW5q5TYlIwshn7A-BZ6JXD0Yjw_sR94jLyc75Y3YrpOeLQXeg&s
Caruru cru,https://encrypted-tbn0.gstatic.com/images?q=tbn:ANd9GcTjZpqGHJ3gAlEnSm9kV3Pv_xGeFDWCz9Dtp_xf-To_ZDp7Evh67Vlx8hh7E0M&s
Catalonha crua,https://encrypted-tbn0.gstatic.com/images?q=tbn:ANd9GcQ34UbJY3oZaAHESP0PGOBAwqzYflShbk9UYMYAS5EgBixf6E1ZtmCWbHvFW5Q&s
Catalonha refogada,https://encrypted-tbn0.gstatic.com/images?q=tbn:ANd9GcQBkyiCOTthUasm9z3mLtD2YhC5OHFYxHtF5nV0T5JIgr0ceRtCN9BA3aMeMw&s
Cebola crua,https://encrypted-tbn0.gstatic.com/images?q=tbn:ANd9GcQ4c7K6Jmji4Sodhvw5ZnpiM6K7ZwRofzPvHQYA2Zy1P9QRnAwaEujEdJPa1lM&s
Cebolinha crua,https://encrypted-tbn0.gstatic.com/images?q=tbn:ANd9GcTBL7iaI4aG3eq0d0ld9A29Td3lsqp-6hFsoIL0UMlrfOUdiXNFT09O14YdajA&s
Cenoura cozida,https://encrypted-tbn0.gstatic.com/images?q=tbn:ANd9GcRYzFWCmUxXwUoz7qcBkUleQ6Q6Vyu4YlxuATNtjBqyNwOFu5ndf8yo7TiK74E&s
Cenoura crua,https://encrypted-tbn0.gstatic.com/images?q=tbn:ANd9GcRfzMqgv25MNXKKB1edXyT2b7YYwaXd4nOtOwOFlI0p3baXoWDvPABHblvPhA&s
Chicória crua,https://encrypted-tbn0.gstatic.com/images?q=tbn:ANd9GcQmqV2MgJvU8PY8I6l5cBFOj3J-v2vXEPB_FKyMCdN1MJ_GOd_IcDXkvm7LDGQ&s
Chuchu cozido,https://encrypted-tbn0.gstatic.com/images?q=tbn:ANd9GcTGb9WR_Kqo4Aiwlr3JzNqLdm-kX2bSACZ3G6tRt-0zyTFplSgGJe37M1KfPdo&s
Chuchu cru,https://encrypted-tbn0.gstatic.com/images?q=tbn:ANd9GcTE3MSrlB2EMFDmn4CW6ZOopY4u68qtspMvuCmS5ZTHDvnXgbpMSX9uyYEBpw&s
Coentro folhas desidratadas,https://encrypted-tbn0.gstatic.com/images?q=tbn:ANd9GcRjZNUCLjMn8_w8IpgHIqUxd9peOKNf0M5jkrGfIJedp9-mTR3jsxQwSyLsgg&s
Couve manteiga crua,https://encrypted-tbn0.gstatic.com/images?q=tbn:ANd9GcRYNSloEbMZ8Ld08E5JusglPpfKDYQxuuifkxCwAOMtRMrURlAoVOR5FK-krCM&s
Couve manteiga refogada,https://encrypted-tbn0.gstatic.com/images?q=tbn:ANd9GcTF-rdjiyg1qgHBgeGJEHi6_yEb7JpbVNAId9QGRlLc4WwCi7Pu4Fu6Ai4v2Ss&s
Couve-flor crua,https://encrypted-tbn0.gstatic.com/images?q=tbn:ANd9GcSN89e8nWKl7Mar-O_01b36Ll-gDw_tfA-8OBu9kdtMcZxlzt_Wv8K6DZeZ7A&s
Couve-flor cozida,https://encrypted-tbn0.gstatic.com/images?q=tbn:ANd9GcTeqW_g3NUS5BQB0iGQMCvBRn5vTNDJOsWcmWu5H32vJ-_wgBGqYebm8oe9KMU&s
Espinafre Nova Zelândia cru,https://encrypted-tbn0.gstatic.com/images?q=tbn:ANd9GcS5nf2ZfW-rkHgPXVKivOc4FBux-LZNnkg-WQP4Peihc605rTW4jHnkQk4tSOE&s
Espinafre Nova Zelândia refogado,https://encrypted-tbn0.gstatic.com/images?q=tbn:ANd9GcSCgNJ4_1LkaVG-QgCvnZAujz2F98PQ-IuMoEJankdJnNRksXEvbNkolCBd4GE&s
Farinha de mandioca crua,https://encrypted-tbn0.gstatic.com/images?q=tbn:ANd9GcRVfwyw7ncktfYfKyr9rG8HJyFo1NkXI8Hm-XiX7U4pDcfJKJlZe-xxfLHRumo&s
Farinha de mandioca torrada,https://encrypted-tbn0.gstatic.com/images?q=tbn:ANd9GcRVfwyw7ncktfYfKyr9rG8HJyFo1NkXI8Hm-XiX7U4pDcfJKJlZe-xxfLHRumo&s
Farinha de puba,https://encrypted-tbn0.gstatic.com/images?q=tbn:ANd9GcTsejhRJY5LVdCFnxy_Cj_sqioU82FCxcSblQFJVxudF0TLcB3qTGCLTrfoQQ&s
Fécula de mandioca,https://encrypted-tbn0.gstatic.com/images?q=tbn:ANd9GcSscilBkRsyNMbm775vAtv8D5BKnIJBCtC0IRr7HQhqJ5dP7YJccqs9P6W3Zks&s
Feijão broto cru,https://encrypted-tbn0.gstatic.com/images?q=tbn:ANd9GcQPJqLjQjm4GfQUwNXvQC_KbHYgMmx5ykPlO85c-WbXYcs6RX-i8XiMwWs02g&s
Inhame cru,https://encrypted-tbn0.gstatic.com/images?q=tbn:ANd9GcRFu3J_oYWW7OZD7qY2euERXgVCvIrM52ubD2Lyl0eCPr7W-sgKqKysu36RSP4&s
Jiló cru,https://encrypted-tbn0.gstatic.com/images?q=tbn:ANd9GcSK4F-ENwHYeWkpsXMwNDhAH-1iugycmrRFWv8CKRWWxNZP6n42_M-SV5-4nBQ&s
Jurubeba crua,https://encrypted-tbn0.gstatic.com/images?q=tbn:ANd9GcTZ1MF72ELuRAIsF7R-gobdk1Cvr1eaZ4rTsr_S-VAIC_TBPAGYhgsKfS8CT7k&s
Mandioca cozida,https://encrypted-tbn0.gstatic.com/images?q=tbn:ANd9GcRfg6CgylEpJ8_wx5LZP43YE94OAuimUHf-ihRhm93QfW4cK3AoGibv5HL8i5g&s
Mandioca crua,https://encrypted-tbn0.gstatic.com/images?q=tbn:ANd9GcRRHWU3GEp9m8l7qozOz34RqwspChheJ_lJie1J8bncw57ZgwEa9best5fflaY&s
Mandioca farofa temperada,https://encrypted-tbn0.gstatic.com/images?q=tbn:ANd9GcSibW7WLDBvM9lvwWp-BzasPubFaD-jQQU_s221kjGikk8ld1eArf-GWpYqPw&s
Mandioca frita,https://encrypted-tbn0.gstatic.com/images?q=tbn:ANd9GcR_tFOQWEkEdmLebxAk_59NJzzTSDBnQCZLi5-tR8vDXaIPe7gBCE-hd2a-NQ&s
Manjericão cru,https://encrypted-tbn0.gstatic.com/images?q=tbn:ANd9GcSUtfVivQtXiCBIroWzt-kTxmtos7dBpjMOt7QoaNfDybAZfRJu6OpaUGrl7GM&s
Maxixe cru,https://encrypted-tbn0.gstatic.com/images?q=tbn:ANd9GcSIzD0q_4PMYwaAPrSmhWh43Q0Wrj5K4ysr5JMj75o_wtrrIgbN1WdURCsoLw&s
Mostarda folha crua,https://encrypted-tbn0.gstatic.com/images?q=tbn:ANd9GcRQEtxcmUEnftJpNPjNYldI9405GoS4fKaSquWmpXm0yxX7I3cjYknHxX7Feg&s
Nhoque batata cozido,https://encrypted-tbn0.gstatic.com/images?q=tbn:ANd9GcRfPNy81RaDJ8J_TNHVrqKUennjoJzGrQ3fUjuCQUA-IEP1kOoHJgAJstYqwg&s
Nabo cru,https://encrypted-tbn0.gstatic.com/images?q=tbn:ANd9GcQWGNbO-hJL7nD74f9E2jjNC9fSuv9HOlO6gcZUU3MyiYNrRd7pdPc8P9caRA&s
Palmito juçara em conserva,https://encrypted-tbn0.gstatic.com/images?q=tbn:ANd9GcTCfop4kIUAAvgsIkNuXE-4SPKfwqGZbpTM12MJ5ZEgZX-WADa1yBxSkPCZTxE&s
Palmito pupunha em conserva,https://encrypted-tbn0.gstatic.com/images?q=tbn:ANd9GcQ9WmkiFbxyA5PHcrHt7t2svI6L7i58DKay5_dagWil1H4GgPURuU9iRBwc2EA&s
Pão de queijo assado,https://encrypted-tbn0.gstatic.com/images?q=tbn:ANd9GcQHW-HgGYAWjtGgaHp1aQQtuF8P9wxYjcH4eujmBaSwbXlaG25avHwywO5yrDI&s
Pão de queijo cru,https://encrypted-tbn0.gstatic.com/images?q=tbn:ANd9GcRQAslJLF_PCbGpV0471YMeCkYVHh_gHVGoJHK1L2Lw3SpTQotcfmCPYa13ew&s
Pepino cru,https://encrypted-tbn0.gstatic.com/images?q=tbn:ANd9GcTiJtZ46DkRQH9DjUeDsfghcURcr_atlrk0HGDJsoCfvmKyNdKrVIrxTaRl0g&s
Pimentão amarelo cru,https://encrypted-tbn0.gstatic.com/images?q=tbn:ANd9GcQU2k7YYrL4VECUwOieZovSzOPsDcy0tBxPpKdlL83JjaBCu4tH-1QdIjyjbwY&s
Pimentão verde cru,https://encrypted-tbn0.gstatic.com/images?q=tbn:ANd9GcRr-6EKu3Qp02EizWNyDmn4H6AhwgQlPx3j_Jk_YwBaoD0nn-J5tcFofF72fjU&s
Pimentão vermelho cru,https://encrypted-tbn0.gstatic.com/images?q=tbn:ANd9GcRr-6EKu3Qp02EizWNyDmn4H6AhwgQlPx3j_Jk_YwBaoD0nn-J5tcFofF72fjU&s
Polvilho doce,https://encrypted-tbn0.gstatic.com/images?q=tbn:ANd9GcQdNpv97kmorJK-kZbSwSC5drVXE5CTmlAbwoj4audj2zlteA3AvLFtBb-xHfk&s
Quiabo cru,https://encrypted-tbn0.gstatic.com/images?q=tbn:ANd9GcRTZd5QDy9dtzkGsZ7NQ07onrr6ijaFGYC8piEvfkdQ4w6tUtqkvAgzo5gS2js&s
Rabanete cru,https://encrypted-tbn0.gstatic.com/images?q=tbn:ANd9GcRS0jt42JFm25puBZ7iBEB5YuQVn5zWWtSXXj9Q6FQEgrzkM1MC44ldXZ-svig&s
Repolho branco cru,https://encrypted-tbn0.gstatic.com/images?q=tbn:ANd9GcSOC2KpkIv1usYyOZR7v7phrD3xBaiwgdR-ma0pJwiu9ADWEiKA7PRDo4VKxg&s
Repolho roxo cru,https://encrypted-tbn0.gstatic.com/images?q=tbn:ANd9GcTQB6l5K6PgzuZCa1khPIbVkNB6XrOBMzWhSA4qMfbgkTFPh8c2-pdyljJlsg&s
Repolho roxo refogado,https://encrypted-tbn0.gstatic.com/images?q=tbn:ANd9GcSaKlB8K39WSYpi2ygDSWvEaTridcwF5UR09Nauc3rhhzj2HmcFIPTXLjokcn8&s
Rúcula crua,https://encrypted-tbn0.gstatic.com/images?q=tbn:ANd9GcTAJM7PfyE3b-aTBWwNsNO9l6L6Qo8u67Eg2CsfcCAGW0eqwm-mIk-YRHaw4Q&s
Salsa crua,https://encrypted-tbn0.gstatic.com/images?q=tbn:ANd9GcT_comItUACkNS5CpwJP5DyObUu9KT06Umi492H5BXvXi7AnivznTZ5f5v-Me0&s
Seleta de legumes enlatada,https://encrypted-tbn0.gstatic.com/images?q=tbn:ANd9GcQvEA5jonPXq_pa_0v6epeVYZpMwHgTgBJ0kwK1cdfD_Q4f29JjxypOt9A5_A&s
Serralha crua,https://encrypted-tbn0.gstatic.com/images?q=tbn:ANd9GcRix11K54j9q9zWbp-FUcgXx0r211BDCm8_JSxsl1P4L2gBRM46GPniukYRfAY&s
Taioba crua,https://encrypted-tbn0.gstatic.com/images?q=tbn:ANd9GcQfudQyQofBhAFCgB9jpbfLV3KWK-qv4uoHckd2rZt8ua_s6GSsmfxFU0-m2w&s
Tomate com semente cru,https://encrypted-tbn0.gstatic.com/images?q=tbn:ANd9GcSUtfVivQtXiCBIroWzt-kTxmtos7dBpjMOt7QoaNfDybAZfRJu6OpaUGrl7GM&s
Tomate extrato,https://encrypted-tbn0.gstatic.com/images?q=tbn:ANd9GcT4bEkknJoJydXFH92feMmv0rWL1KoRudUqET6G-27qu67lSC9yuvZsnRyaJUY&s
Tomate molho industrializado,https://encrypted-tbn0.gstatic.com/images?q=tbn:ANd9GcTtSIAi_2MA_7aVnN82dTtZgb1rweraGZabchXGwNcGl_L5mWMUtTD0-M6jXw&s
Tomate purê,https://encrypted-tbn0.gstatic.com/images?q=tbn:ANd9GcTuVqUVXv2lAA6AcU0ojhTUlZEfpIVoggPCibTB7SZQiLE5o1U8OijZJBclL9Y&s
Tomate salada,https://encrypted-tbn0.gstatic.com/images?q=tbn:ANd9GcSUtfVivQtXiCBIroWzt-kTxmtos7dBpjMOt7QoaNfDybAZfRJu6OpaUGrl7GM&s
Vagem crua,https://encrypted-tbn0.gstatic.com/images?q=tbn:ANd9GcQH5Mx8pKOqL_Tf1MO6H2ik70RlSqazhji1YD3Kt-pfR2PHkg9ThguxekLgjIA&s
Abacate cru,https://encrypted-tbn0.gstatic.com/images?q=tbn:ANd9GcSOhOCy7NvUco8drkdTU-Jmu_S0f6crbhL4uIGvdWuawI0Ua9p8O32Vj8pdexo&s
Abacaxi cru,https://encrypted-tbn0.gstatic.com/images?q=tbn:ANd9GcQGgIxlQXpE0g2UwtLAwubKyH_yacxIhKE8xwwk4qDaMs_kVHTPMr8CliKf9Q&s
Abacaxi polpa congelada,https://encrypted-tbn0.gstatic.com/images?q=tbn:ANd9GcQSxASAXJGFKh3hq2gk5KogmahtlO1eduydp-f0SheEP2UXxGZ4JDl2zBEUrw&s
Abiu cru,https://encrypted-tbn0.gstatic.com/images?q=tbn:ANd9GcTibA00LIHreGGGd59vDt1DavOAK4jNHs-5FYXx2vVel2wFIiIx5nplzPCaWJA&s
Açaí polpa com xarope de guaraná e glucose,https://encrypted-tbn0.gstatic.com/images?q=tbn:ANd9GcRUtPr9UkqG1wIUE-A1dJGhQollm4gUZPdHaLbo-UHU5paK1qnbzpRIxGD2_jI&s
Açaí polpa congelada,https://encrypted-tbn0.gstatic.com/images?q=tbn:ANd9GcS-l0v21FHyTtP1vDjz8EhwG8IRgrDYT2bC92X_Vq9_F_UftFk9Z2hFfHN_2gU&s
Acerola crua,https://encrypted-tbn0.gstatic.com/images?q=tbn:ANd9GcRe7VF8YT6lCszmfch8MRVBTt_6JCM6GaDSDkpKGWcZSkM_rw3iB0GZyCE5Ew&s
Acerola polpa congelada,https://encrypted-tbn0.gstatic.com/images?q=tbn:ANd9GcRHFelMRF-8GmZDAdL4k0aDDl-bl054Xu8itOSDku5mmnWZLBdn89UZ-JqDTQ&s
Ameixa calda enlatada,https://encrypted-tbn0.gstatic.com/images?q=tbn:ANd9GcQI1gK_Mmt03-hLS5FvszWoM8BdXA8PK8LKObWKAOtkdXUkjfIxGejEJ4XdSYg&s
Ameixa crua,https://encrypted-tbn0.gstatic.com/images?q=tbn:ANd9GcRrROh2mdIy6SMLU0drMosdGJwJwS3WTvyybwYPq9ZYpA0KeWnsi8b55uX1_6M&s
Ameixa em calda enlatada drenada,https://encrypted-tbn0.gstatic.com/images?q=tbn:ANd9GcQI1gK_Mmt03-hLS5FvszWoM8BdXA8PK8LKObWKAOtkdXUkjfIxGejEJ4XdSYg&s
Atemóia crua,https://encrypted-tbn0.gstatic.com/images?q=tbn:ANd9GcQtEexSun-2rjN9FAt-nBgImAgoP-iPhUPy75kJnQR3BN2Gip25hrRVN77wkg&s
Banana da terra crua,https://encrypted-tbn0.gstatic.com/images?q=tbn:ANd9GcRroBNpIVd4PRifRvdnQBUBptZGd6gh8XEkLTR9dz1Vkkmt4R5cL4TnSDQKKA&s
Banana doce em barra,https://encrypted-tbn0.gstatic.com/images?q=tbn:ANd9GcQfFKjJwJItVf32tfn9GSIPkulzRSHpNmC9k_NrFu8aQXiUrlSskJmoyASuDBE&s
Banana figo crua,https://encrypted-tbn0.gstatic.com/images?q=tbn:ANd9GcSndntQqGSGnGu0hcPkAFBm2RKqmp8Xz4vjk3LQaQpNQ7U9Ff9nV3EgRPJRUg&s
Banana maçã crua,https://encrypted-tbn0.gstatic.com/images?q=tbn:ANd9GcTWe18F-ugAKXaXnJIALkZ-2Fni4Rt-Cg_2J4j38P7cQNL_ahJmj7XXvo0DKqg&s
Banana nanica crua,https://encrypted-tbn0.gstatic.com/images?q=tbn:ANd9GcTh1BgxwEedNSehZfXa8EybbbFdnV4vk0TMBE_GHflmrlvl6yx4DL0sUYx-JVU&s
Banana ouro crua,https://encrypted-tbn0.gstatic.com/images?q=tbn:ANd9GcQCduBbKwDSNTWl6uxcxFBLNUzZEilarzUdQk7OSmcsXkuyNThZ8RgVx7bAGQ&s
Banana pacova crua,https://encrypted-tbn0.gstatic.com/images?q=tbn:ANd9GcRp4Whgxq01VFZFCTnu1Zu1kK3KI8QilPb2m7HO6BAuZrHNPNU8-FRynpH5n_k&s
Banana prata crua,https://encrypted-tbn0.gstatic.com/images?q=tbn:ANd9GcTh1BgxwEedNSehZfXa8EybbbFdnV4vk0TMBE_GHflmrlvl6yx4DL0sUYx-JVU&s
Cacau cru,https://encrypted-tbn0.gstatic.com/images?q=tbn:ANd9GcRklyZxUnQS5iUcMfKlxdpTvdOPfEKwdUefsi8YRCT1E_7gGS0VF1zjykzxJA&s
Cajá-Manga cru,https://encrypted-tbn0.gstatic.com/images?q=tbn:ANd9GcSquRHXrqLYT8kqHkIHTtwIwtGiOYgAMsZkHytz98bOcu3GKF3ziuDiDl6c6A&s
Cajá polpa congelada,https://encrypted-tbn0.gstatic.com/images?q=tbn:ANd9GcRxtXZmKEaWZeQQh0v_aSyLNd1Y_gfNlNsv6qXvN0ULC5QyHcf-n6V4emjkEsA&s
Caju cru,https://encrypted-tbn0.gstatic.com/images?q=tbn:ANd9GcSX7ayf144FDzDZJsMLvWznbRLZnX4rzsSr1-8rLqjbGDj_-Kw5sDiPf0VkIQ&s
Caju polpa congelada,https://encrypted-tbn0.gstatic.com/images?q=tbn:ANd9GcTJE62F1hRklxyxbOfBeYZhhzWUJJxf_PTOR52sm6ynXliCb1vhJTThp2tUuA&s
Caju suco concentrado envasado,https://encrypted-tbn0.gstatic.com/images?q=tbn:ANd9GcTWAf4BueL1UlvcMH1_XIKgECSgef5kjxkFvyFQ27Bt8E-eNeTIMknxX70bM1o&s
Caqui chocolate cru,https://encrypted-tbn0.gstatic.com/images?q=tbn:ANd9GcRmfYmQEuljZ7nyq_muGR7o47_5ueLIxxHB6oWkVpwH05xRU2fFDkR7BWaSpQ&s
Carambola crua,https://encrypted-tbn0.gstatic.com/images?q=tbn:ANd9GcTFzhHWj7YsBB7M83EnshSpreLuVHfueOEMlOoM9vRp98vtmBa6T687Cl9ORA&s
Ciriguela crua,https://encrypted-tbn0.gstatic.com/images?q=tbn:ANd9GcTGXS4IFdTojSCFQr7qjPadb_Q0PgyEz5B3Bo7CvcDLvSMsNKlBz93zjUAByD8&s
Cupuaçu cru,https://encrypted-tbn0.gstatic.com/images?q=tbn:ANd9GcTP4lDX57UAjuLmTFlxKS8eh1uZNqtpqZpwuJ3JIEv4yMTlxP0RCapy-YKagw&s
Cupuaçu polpa congelada,https://encrypted-tbn0.gstatic.com/images?q=tbn:ANd9GcQZCCee1qYwRhiQYq1_98s5oEtwMarPwW7jBwIWGyTWU62vC_G8bowfgJ6AAQ&s
Figo cru,https://encrypted-tbn0.gstatic.com/images?q=tbn:ANd9GcTOfQLDChPFoDsSe8y3f7Zz6lbwWLyOZYmlbw35oq3fDITuG6e2WWVQGzylMpM&s
Figo enlatado em calda,https://encrypted-tbn0.gstatic.com/images?q=tbn:ANd9GcSKaGJxdjejZHiWAVp37TMFHtN5ORpedWD1H-J7A_7i0YSm38KcVyOb4jKiOw&s
Fruta-pão crua,https://encrypted-tbn0.gstatic.com/images?q=tbn:ANd9GcSu_FioltCLhgybQ1CoKVj9TUUmb16y2QVTlpEVoKCxJWG5lLZSd3edDZmghz8&s
Goiaba branca com casca crua,https://encrypted-tbn0.gstatic.com/images?q=tbn:ANd9GcRKyMbBFwz0NX4LqYZaNKBh6C_svXPvVhHBrcztd79OwdL4IV7O_BOuBL4etA&s
Goiaba doce em pasta,https://encrypted-tbn0.gstatic.com/images?q=tbn:ANd9GcT0CMf8RkiyGjq3WyCysnNc2fXVb3Dlq-KmMZlTsqN3YDB0cES14H_AsOHcrcI&s
Goiaba doce cascão,https://encrypted-tbn0.gstatic.com/images?q=tbn:ANd9GcRgIl_5scEbXlAepDYqNDJl3Tgxuzh35I5PssrkUphZUtEkXzngraIrgG-Lag&s
Goiaba vermelha com casca crua,https://encrypted-tbn0.gstatic.com/images?q=tbn:ANd9GcSPBmR6XEZbcyRzvL1TPWvaTpazQzuZsgJNUFGCCiOG5n31qICEz2NGbQ8t3GI&s
Graviola crua,https://encrypted-tbn0.gstatic.com/images?q=tbn:ANd9GcQwsdsbrepzZQuNhrc4rgcjP67qsX0tVy7YeXTij_iUvjRm6RFAPamTJDOxCCw&s
Graviola polpa congelada,https://encrypted-tbn0.gstatic.com/images?q=tbn:ANd9GcTmTEz2Dy_-8J1oIcMItLCcSPnsGPEhX-_ycztU0HH86zMgvOCgGXGJCUAq9g&s
Jabuticaba crua,https://encrypted-tbn0.gstatic.com/images?q=tbn:ANd9GcTeg68HEpa82gyfBtmfH99X1yz2gYVFEmyKRZCg-TDP3ajg_ib5e71-NCLfH-o&s
Jaca crua,https://encrypted-tbn0.gstatic.com/images?q=tbn:ANd9GcRVIdNXjG24xKs7JVAPs1hXto3wCnwG3wJ2GZ2rGvvMsiMrRnkmRQv0HKxjuw&s
Jambo cru,https://encrypted-tbn0.gstatic.com/images?q=tbn:ANd9GcQfh6-Oit4-I8YWV4xToVAC2JYNzsnQ1G7f9skWIYJzFzYMA3P4sFV1YVVOiGs&s
Jamelão cru,https://encrypted-tbn0.gstatic.com/images?q=tbn:ANd9GcQduKivVBul18hEOtg8fZXshA0B2GH8aq18dvb4E-bKDVbrid3l0ecsv-4NnMI&s
Kiwi cru,https://encrypted-tbn0.gstatic.com/images?q=tbn:ANd9GcTw-ef8R-2wGHeDQPiYoonHyzPl_WloisMMj5tHBMEQab6RAwYIJoPbjnEDGA&s
Laranja baía crua,https://encrypted-tbn0.gstatic.com/images?q=tbn:ANd9GcQnCEhfj_CiMF8hB2gZOw_06WbSU_B0dSExcKOfw35m5RrsUDljHahzABg3FNA&s
Laranja baía suco,https://encrypted-tbn0.gstatic.com/images?q=tbn:ANd9GcQ0RxTLAU-LJzEJLffxpH-Hqy7yktPRBqcz_nOspAFEPqWJXt7BLRcq6bM8yg&s
Laranja da terra crua,https://encrypted-tbn0.gstatic.com/images?q=tbn:ANd9GcRzaH38cCuObY6UcaDbjY1iAf9zz6lsvsYdL0UlkF5UquDgyRj3Q101fyth5dA&s
Laranja da terra suco,https://encrypted-tbn0.gstatic.com/images?q=tbn:ANd9GcTIKqygOZ23vry_VY7FKN73PtYbhzu2QBPyM9pZnmuHNJxJPwTK7qlY1-jrLw&s
Laranja lima crua,https://encrypted-tbn0.gstatic.com/images?q=tbn:ANd9GcQGNBYQHaaJAwqw4pDGdt59SDH1dNFFp4K3fewIFcziQwyjqHiFMpLUJl-eKw&s
Laranja lima suco,https://encrypted-tbn0.gstatic.com/images?q=tbn:ANd9GcS3XJqhDZ8y7-N64mLpmOAoE9wIc8lKv3XtpzK8GY3Q-K9FsWvYQxpFyNkGxA&s
Laranja pêra crua,https://encrypted-tbn0.gstatic.com/images?q=tbn:ANd9GcSyPYRRg3r6fDlYgqZKAfIjuNBD6JXIg8w78YRUBtHtgponRrbRWsIfC5YNfQ&s
Laranja pêra suco,https://encrypted-tbn0.gstatic.com/images?q=tbn:ANd9GcQHPqxnTUMbVEc-C6Pubu-B_scrP5wiJ2NnzEk-IkiHn2NBn7mnwID2y2H7W-4&s
Laranja valência crua,https://encrypted-tbn0.gstatic.com/images?q=tbn:ANd9GcQKuodSaXeHN0ayIP47-ssFXnYHoAzYUIadac3cxsiW0x4-2KsgCg8W8yToYlg&s
Laranja valência suco,https://encrypted-tbn0.gstatic.com/images?q=tbn:ANd9GcSQiCsJjQEqabyQYpeyZyfO_EHwoWutoR7IOJS3qChlOiHyhT-Ntas-jkhDMSw&s
Limão cravo suco,https://encrypted-tbn0.gstatic.com/images?q=tbn:ANd9GcRaT76fBlv4jAcjetemzZWaU2BBYPUhu93qgMhcLMKDC2EK4Tg-0RAqpDpb5Oc&s
Limão galego suco,https://encrypted-tbn0.gstatic.com/images?q=tbn:ANd9GcR7zRuVlnjYCbVBwRlHVLhlNVD96orxctnN1UtCv8DUYRDYW1XSgMdaPxlHKQ&s
Limão tahiti cru,https://encrypted-tbn0.gstatic.com/images?q=tbn:ANd9GcT-lsMYtzwlnAZf8JaRCps0ZoA522iC0aywE2NiPNPRsRaGufT2yi9jYcn1jw&s
Maçã Argentina com casca crua,https://encrypted-tbn0.gstatic.com/images?q=tbn:ANd9GcS82QTbs-kkGAItDKwu2fQaDp5n7E6EBLKwFWU3l-aKPx-hBhvPn0sdbeo0zQ&s
Maçã Fuji com casca crua,https://encrypted-tbn0.gstatic.com/images?q=tbn:ANd9GcS45my1rAJTRM_SYrVpzJ7TlTZHGHsVpRnvklWxGDngPdvyJ-qlcH-fNrELqQ&s
Macaúba crua,https://encrypted-tbn0.gstatic.com/images?q=tbn:ANd9GcQCbsgX-nwQc9ookQTbdv-N6Fv9ORPsXhEts2FIO5zLCIjMzmGQDb-Q0DY1gnk&s
Mamão doce em calda drenado,https://encrypted-tbn0.gstatic.com/images?q=tbn:ANd9GcTdvqeVLFgOjcYLkhtv0BkIiXt1wuFO9i05WaNR9_DRsov0kfZCuzQv6osQMg&s
Mamão Formosa cru,https://encrypted-tbn0.gstatic.com/images?q=tbn:ANd9GcTthU5RLy42-nIiycZ-dDKLKDaoIirglxWBILM20GMM4P9JiJdmcDid4E4YxA&s
Mamão Papaia cru,https://encrypted-tbn0.gstatic.com/images?q=tbn:ANd9GcSR9UjWLATxiQ8DNXWeKz4m89qLpPcq3_XEOaaMZn-pZamhwIRaOxFvm3vcMBc&s
Mamão verde doce em calda drenado,https://encrypted-tbn0.gstatic.com/images?q=tbn:ANd9GcSVo6lYwVlksoVk5EOqfwwSY3P0g9-iCOYa5vRVGl8Uhyosy2p8UA-VDyJWJx8&s
Manga Haden crua,https://encrypted-tbn0.gstatic.com/images?q=tbn:ANd9GcRowStXvTVbslh7cmcAuQjC_gprwiG2nRC-Yyy9n-OBJzv8IoXVge6DgHTtSQ&s
Manga Palmer crua,https://encrypted-tbn0.gstatic.com/images?q=tbn:ANd9GcRnMJsAOAuSQ98MtjF_6unQO2aNq4KhFmxa_8stg0krYN7KjYGmULh-j7jZeRE&s
Manga polpa congelada,https://encrypted-tbn0.gstatic.com/images?q=tbn:ANd9GcSxHQCaywuROlX_I9Jdg85zrQyFaNxJB02jUpvs5NQ9RjfLyGIqhHJSh5aO19M&s
Manga Tommy Atkins crua,https://encrypted-tbn0.gstatic.com/images?q=tbn:ANd9GcQ6S2RS5kGUtk5n9StLeZESXdG7MeLGZWDWs-Xj3tjbeuPvxcJGEHfnwMdP_w&s
Maracujá cru,https://encrypted-tbn0.gstatic.com/images?q=tbn:ANd9GcRNHozb2RMJN8w0HtC9NATDteP3EGamkf9IphgwuFyUHLBQ4BM9BeNaKb_0yg&s
Maracujá polpa congelada,https://encrypted-tbn0.gstatic.com/images?q=tbn:ANd9GcRvGgozLGJmmtDcY8h4o6SrwQ_NTZIsNHvyZS96wnlZ3RrmTkOKGzkzqqo_YQ&s
Maracujá suco concentrado envasado,https://encrypted-tbn0.gstatic.com/images?q=tbn:ANd9GcQ7jLGLfzzze032NBsvkKVy1j2InYhMHXQ3_wy1BF1R5_iT2pPlOJJgq48YJw&s
Melancia crua,https://encrypted-tbn0.gstatic.com/images?q=tbn:ANd9GcTRel52Pv2R8QC5M0hAPmMrvGgVnDb0LadKmNiAgZIYNZOvnMGUto_-R3Ow7nQ&s
Melão cru,https://encrypted-tbn0.gstatic.com/images?q=tbn:ANd9GcTROnW3uqH_rtSkYewapHtbLcjW-YyF4KWWc2zPW0iSnd01_OCSBtiXQnBTVw&s
Mexerica Murcote crua,https://encrypted-tbn0.gstatic.com/images?q=tbn:ANd9GcQqU8bqRDuEOCAMACKpdoXUqGxyXN7k9VuylNha7v8ZlH2Na3JVCmtxucBl_as&s
Mexerica Rio crua,https://encrypted-tbn0.gstatic.com/images?q=tbn:ANd9GcRidpfvM5o7g1ZsDaHDlzlY7HiR0ir1LysWZozSgByhh6OgSipoegFMqo4y3A&s
Morango cru,https://encrypted-tbn0.gstatic.com/images?q=tbn:ANd9GcQjeEa4xblUdK5aT_iT2Y2E_LokSoG8rJZPjeK52sAXU-Tk6tR6QOvCBZzoIA&s
Nêspera crua,https://encrypted-tbn0.gstatic.com/images?q=tbn:ANd9GcSPzzod8cELrOeWAn87nVeT97Bv8b98ejUO-6rQFAIx2ivqq5n6dNmI-07h_7Q&s
Pequi cru,https://encrypted-tbn0.gstatic.com/images?q=tbn:ANd9GcQ0PxsS13010OLkJDvSGSDfP-ewqLUKJ0xNn37inLhpEUAtvA5GJ5THPLFBfqA&s
Pêra Park crua,https://encrypted-tbn0.gstatic.com/images?q=tbn:ANd9GcSXzxXOt2E6qeDrCsL-_i-GZ0RuoqRhxBgz_Lr0gVQIKXoY1ywUsep9q2QKuoo&s
Pêra Williams crua,https://encrypted-tbn0.gstatic.com/images?q=tbn:ANd9GcQ0dIxNKkpoLDQENwpNSWJ0kd-9mljWOzn5GQ72qhlckyQ-eWNOLgBKdW1PTJ4&s
Pêssego Aurora cru,https://encrypted-tbn0.gstatic.com/images?q=tbn:ANd9GcTkbwkeVva0YqDf1kgNH7bRvRAEl9JSN9ajG3xvMd6YGDvYWLM2Gt19ZJ-RoA&s
Pêssego enlatado em calda,https://encrypted-tbn0.gstatic.com/images?q=tbn:ANd9GcRMsQrnN_dRzL4AJPxelnVhULNPFo5gqIj23Ft_H8pd3CQItjgEDzLq0Lb_gg&s
Pinha crua,https://encrypted-tbn0.gstatic.com/images?q=tbn:ANd9GcSF_w6556oc_EiuW6KR7ndL3uhBGNN13gr1c2p_5p5tvF8bD8NwfjHdbVv8EHo&s
Pitanga crua,https://encrypted-tbn0.gstatic.com/images?q=tbn:ANd9GcRw7Sa5MDe3zIIHugtdu7jL_rsvv-Fa5xfQtGKJX5bB27TSAgcBYGfNSf2YEIY&s
Pitanga polpa congelada,https://encrypted-tbn0.gstatic.com/images?q=tbn:ANd9GcQtXb11d1-Uzpx-U0K2WkIbiuZZGE9EYDS8Hm5mhbNJ8MNlpvFWx52Tq6DgLy8&s
Romã crua,https://encrypted-tbn0.gstatic.com/images?q=tbn:ANd9GcS8zLOYqluplADvp58WQD6qmNYOumztn1eN4NIWnDzPeC3O6MlVNUyplUo_LVU&s
Tamarindo cru,https://encrypted-tbn0.gstatic.com/images?q=tbn:ANd9GcSsI4Pt3QWafb5Qcajap_zWzc_HNG0obKEIl55-zUjyV7KY8x9taceXx82r0Vc&s
Tangerina Poncã crua,https://encrypted-tbn0.gstatic.com/images?q=tbn:ANd9GcQqU8bqRDuEOCAMACKpdoXUqGxyXN7k9VuylNha7v8ZlH2Na3JVCmtxucBl_as&s
Tangerina Poncã suco,https://encrypted-tbn0.gstatic.com/images?q=tbn:ANd9GcRIqkUH90eoekaMYg3oNGZpBTEsG70HdG1b3pZ7yT62djpiLhopkzBW6Zm_1Gg&s
Tucumã cru,https://encrypted-tbn0.gstatic.com/images?q=tbn:ANd9GcS2nv4bB7Cg8oH-8FVxIwTaP0_ZkZv1KYGYUAXNcn94uLL39zXC77nk9A_lHw&s
Umbu cru,https://encrypted-tbn0.gstatic.com/images?q=tbn:ANd9GcQou8OWu3RfmKIZtM99tA58GhHLfcL1J1M89QslQJAQCR2v0W2aDcGk2FU7rQ&s
Umbu polpa congelada,https://encrypted-tbn0.gstatic.com/images?q=tbn:ANd9GcRwVkLmDnBMLGy9myLLkqVoyxIl5OUI8Q6MuQzqb6Q9b_RpZ-xlNj9GEfI7sE4&s
Uva Itália crua,https://encrypted-tbn0.gstatic.com/images?q=tbn:ANd9GcThdwPACH4DB7ll2zkpCr1zIEG0zgTedd6OnJMH2Co3AXSRheoSnxgj8RdvAA&s
Uva Rubi crua,https://encrypted-tbn0.gstatic.com/images?q=tbn:ANd9GcS4anf-sscKh5CAOjxOaFySb4UAGwFBsZ6pAn2YBPcPS2qJJNJRxkZypHiHyA&s
Uva suco concentrado envasado,https://encrypted-tbn0.gstatic.com/images?q=tbn:ANd9GcQ9R1Hmoc0lLeViNP6K1ESTclhk-boKrEjxfuu-Iisiq2mPb3abgCejBsvQJFY&s
Azeite de dendê,https://encrypted-tbn0.gstatic.com/images?q=tbn:ANd9GcRjMgM7e0-PeNZ_wYbmEc_s6Jnw9T78ofrOKZacPXeRgcJ_d39Dvg233HdwRg&s
Azeite de oliva extra virgem,https://encrypted-tbn0.gstatic.com/images?q=tbn:ANd9GcTWdf8-Wo_u1GITvNa2QHmQCUg5DBywd6UosVGQ6X6S44BwtBMPxCS9iClBIQI&s
Manteiga com sal,https://encrypted-tbn0.gstatic.com/images?q=tbn:ANd9GcTdIqr5XHytPdlK7CP1L4VyIowioWVzeM97gaW_4zZ3vzd0zuh29xiZSA7EFf4&s
Manteiga sem sal,https://encrypted-tbn0.gstatic.com/images?q=tbn:ANd9GcTL_CD8TIZN7_qqZWHPIYKFOOfbelkFrsagEJADzws9DD0dqYSonE1zV2sqbAY&s
Margarina com óleo hidrogenado com sal (65% de lipídeos),https://encrypted-tbn0.gstatic.com/images?q=tbn:ANd9GcTTfrS8Exjoitk9EBpuA1XlxTKb9WwlRnAWbKdwU_0zhWAzHkg5EFYkhgjkR2Y&s
Margarina com óleo hidrogenado sem sal (80% de lipídeos),https://encrypted-tbn0.gstatic.com/images?q=tbn:ANd9GcTJcXnqwwtTr1TpN4ZtnJjkTXXV7Ghf6SwtHPYspxm_V18GNdH09_0I6fqDzw&s
Margarina com óleo interesterificado com sal (65%de lipídeos),https://encrypted-tbn0.gstatic.com/images?q=tbn:ANd9GcTGgKuaTkqqaLwWafi3P36OSaDq750eE0cs5BICBnRDGFh55aaN9nJQlnw03g&s
Margarina com óleo interesterificado sem sal (65% de lipídeos),https://encrypted-tbn0.gstatic.com/images?q=tbn:ANd9GcTGgKuaTkqqaLwWafi3P36OSaDq750eE0cs5BICBnRDGFh55aaN9nJQlnw03g&s
Óleo de babaçu,https://encrypted-tbn0.gstatic.com/images?q=tbn:ANd9GcT5bU8oFuXmhgHSy0XuZDPIT0WYs_oDZHwaag7Gyzr1ZxrgM6XcdyJXI-ZcB5c&s
Óleo de canola,https://encrypted-tbn0.gstatic.com/images?q=tbn:ANd9GcQs5UEjXlsr3ribxZ79U8-SMAgQtsLlDenxNsc5h3xEz0OHRXIAlJ0OnQLKpG8&s
Óleo de girassol,https://encrypted-tbn0.gstatic.com/images?q=tbn:ANd9GcQrDPh0uHhJqwVIecV01ahYZRfppyDeEHB2NhQ2ZXbxQU9iJM19i58p_S8KGgc&s
Óleo de milho,https://encrypted-tbn0.gstatic.com/images?q=tbn:ANd9GcQ4MnznRFTOo4HLVNOfWVBh1D9S8iK0E9NFTKz-DGT8eC7CXdkXfeaADcwbFw&s
Óleo de pequi,https://encrypted-tbn0.gstatic.com/images?q=tbn:ANd9GcS58r3y2ioNOjojb7Uph1SUs_h1GSbBKKN2zf-adf0WdUZsgZlyxUUM_-PTbw&s
Óleo de soja,https://encrypted-tbn0.gstatic.com/images?q=tbn:ANd9GcTM55i0Pb3qM-ZeMQq44697wDQ7r71qzDCkWT9CkBSkk4QB6zwSk-pnaGlaYRw&s
Abadejo filé congelado assado,https://encrypted-tbn0.gstatic.com/images?q=tbn:ANd9GcQQqrZGUOE1Lqyi9HcNwgphx6ky_pE-x1cWzN_Hn1NOtnJmu--H7JiiBLqCteI&s
Abadejo filé congelado.cozido,https://encrypted-tbn0.gstatic.com/images?q=tbn:ANd9GcT6LVy4Y7j5rxAZf71Zzdxc5VCgfvzHYCW7NJ6s9qEnBB4PVuuf_DMxe6j3hQ&s
Abadejo filé congelado cru,https://encrypted-tbn0.gstatic.com/images?q=tbn:ANd9GcS4_P-pNs8veS0IF3XXfIbQKs-CVvVTL_iQqZ22Oj9yVjhMCWNGVeH6XD_Odg&s
Abadejo filé congelado grelhado,https://encrypted-tbn0.gstatic.com/images?q=tbn:ANd9GcQQqrZGUOE1Lqyi9HcNwgphx6ky_pE-x1cWzN_Hn1NOtnJmu--H7JiiBLqCteI&s
Atum conserva em óleo,https://encrypted-tbn0.gstatic.com/images?q=tbn:ANd9GcRBSEOA-n5FC3Mytznx9xfhEHYWavOokoqf09BnjiJOUVwj-By-9U7dDYuH3g&s
Atum fresco cru,https://encrypted-tbn0.gstatic.com/images?q=tbn:ANd9GcTH4hiYzUMujRcyzhZq2LA0_1X1DFFl_MONqhMud6o-_zrii82j0WRGKigb5fg&s
Bacalhau salgado cru,https://encrypted-tbn0.gstatic.com/images?q=tbn:ANd9GcT0xkKuD9KXPJS4fDPdZbxWU_ZUCjhrBS8HQ6P188a11epV1_yGSD6abVEb_B0&s
Bacalhau salgado refogado,https://encrypted-tbn0.gstatic.com/images?q=tbn:ANd9GcSzK2YrMqfWDs55NSYRSXOH4z7mCBoNh3kfAtpy43eFBbPbLZM6VEtO1YcpbQ&s
Cação posta com farinha de trigo frita,https://encrypted-tbn0.gstatic.com/images?q=tbn:ANd9GcTtvXQVRzCdghSMzCVObpTTnYCTnF2nXIhkYADco2oZi06dB3-BGClU4_W7rw&s
Cação posta cozida,https://encrypted-tbn0.gstatic.com/images?q=tbn:ANd9GcS3z80RF8-ANK2S3LKb7Dsl2pBrJJVmVP9xmGtXELMhl5TSgV1wys38CYhHbPM&s
Cação posta crua,https://encrypted-tbn0.gstatic.com/images?q=tbn:ANd9GcRirqwEjEVzgKpNGnCxNbVYgofqYqUqhwyAR4truso8tqCn5jB9EkHhqu_JBF4&s
Camarão Rio Grande grande cozido,https://encrypted-tbn0.gstatic.com/images?q=tbn:ANd9GcS5yuOTU0OkicKgEsBaLdIzlybPSDzlmEiBKToXtqBaSh6wiPeTZfZ0b8nkqYA&s
Camarão Rio Grande grande cru,https://encrypted-tbn0.gstatic.com/images?q=tbn:ANd9GcThi1T25AzLbtUftIHp2ZfQ3vGxHNwK3FnwibRksntXQgvGtqDJVJ6QfD3oyQ&s
Camarão Sete Barbas sem cabeça com casca frito,https://encrypted-tbn0.gstatic.com/images?q=tbn:ANd9GcT3tF-fd4ijU9ADx2jiQNIkYF-0iGzFm4wOhQ8djzVqjy2QmMMHhkLhiSlHdUI&s
Caranguejo cozido,https://encrypted-tbn0.gstatic.com/images?q=tbn:ANd9GcSIdu69QSfUvJzMwWr0K0gjITt7aI3zNl0Kqw8IRfXQ0NBMO9n04CuDo7UgguQ&s
Corimba cru,https://encrypted-tbn0.gstatic.com/images?q=tbn:ANd9GcR23UiCE_c2xrBX3I4fBJKLcr3VVUCMhNR-kMYwHxgw16WJAqXppHkBF3cQaNc&s
Corimbatá assado,https://encrypted-tbn0.gstatic.com/images?q=tbn:ANd9GcT2J54p5BwU_VTlq-WD32qGM08jSsgfMEBvNSVgl-JLmzKcqgWwxE5hwoKCYyI&s
Corimbatá cozido,https://encrypted-tbn0.gstatic.com/images?q=tbn:ANd9GcSEi5PpSNd6D7RXLhUiqEP_LYuhKuNxJ0Q8joR5hjt7ayxnQHJjs1xAeQ2IqQ&s
Corvina de água doce crua,https://encrypted-tbn0.gstatic.com/images?q=tbn:ANd9GcSvTFIo6xheHQGb7-Jm-AgBT6WxAH_H-QK5FTh6g49nAmLjBhEpuX5s542d3w&s
Corvina do mar crua,https://encrypted-tbn0.gstatic.com/images?q=tbn:ANd9GcRZ5P2dACuazjgZkJ-65nO4RUj9H84uTs7uC76DvvYBRmwLRtohnPCoe5QAlcM&s
Corvina grande assada,https://encrypted-tbn0.gstatic.com/images?q=tbn:ANd9GcS1upVpR_OCwF9Ihm5OmY33m4iSbv4lwsHSY82W2zSQmcfrWOE57BfsaEBeAUU&s
Corvina grande cozida,https://encrypted-tbn0.gstatic.com/images?q=tbn:ANd9GcSvTFIo6xheHQGb7-Jm-AgBT6WxAH_H-QK5FTh6g49nAmLjBhEpuX5s542d3w&s
Dourada de água doce fresca,https://encrypted-tbn0.gstatic.com/images?q=tbn:ANd9GcQqFFVxJeNSpjxUChhXKtoBdyB2XdI9BZUZBhJYLBhtZdM9dh30aA2lZshJI4Q&s
Lambari congelado cru,https://encrypted-tbn0.gstatic.com/images?q=tbn:ANd9GcTThU0H6DP6BPLkB6lZovv4W88Mp4paNjU210aLkxs7V-EBPbUKtVKu7rw31w&s
Lambari congelado frito,https://encrypted-tbn0.gstatic.com/images?q=tbn:ANd9GcQ0u5dYl53bArRXIub8s7aAXo56Zob4hQovQ3EKiph3YvEQPwPo0iUaLgS04g&s
Lambari fresco cru,https://encrypted-tbn0.gstatic.com/images?q=tbn:ANd9GcQaa3Dx3nk-MxS5JvXm_87KsfcMjhtF7TwjJlZcY2pYTifPT6bAXSrDeB2C8A&s
Manjuba com farinha de trigo frita,https://encrypted-tbn0.gstatic.com/images?q=tbn:ANd9GcT6EnZKNmoAaKlLNCpMCTzAEATxwkdRGOjPou3-3FRKF4c5G6eLbLWMEELyVg&s
Manjuba frita,https://encrypted-tbn0.gstatic.com/images?q=tbn:ANd9GcSl6tOlP72rO4lOKMehgVy_ZAnrnVUtMW8TEt-AhLzar-_oeMb7rSSjjoSObw&s
Merluza filé assado,https://encrypted-tbn0.gstatic.com/images?q=tbn:ANd9GcQaHgkQDpzXg_RsQzSTbEXk6QYJ9yQDSNxyMtlQM2X3sbFhRO017NO_r9TZnlM&s
Merluza filé cru,https://encrypted-tbn0.gstatic.com/images?q=tbn:ANd9GcSBdfIwX1vioke2ZbRRPAf1PIchF-TsV3il8G7FW_7r9rE5M6EmAHIXAeMx-mE&s
Merluza filé frito,https://encrypted-tbn0.gstatic.com/images?q=tbn:ANd9GcTjCObHGVPgEoSQHGhnsnkBK2BOkhAfHw4KyoYj8gYBdz0_Zm19DXloxsAhlA&s
Pescada branca crua,https://encrypted-tbn0.gstatic.com/images?q=tbn:ANd9GcTp9BeN2R-2c_mXNY0P9OVoZxFckpvmSmLIAzX0atWr-LVAzmE_2N7gWWAm-Q&s
Pescada branca frita,https://encrypted-tbn0.gstatic.com/images?q=tbn:ANd9GcS-9ekRGwkh-FpEQEbVSVfVUMyiOMhY0tOHwbVGv_bRWaJU7BoEaLJVPCTS38E&s
Pescada filé com farinha de trigo frito,https://encrypted-tbn0.gstatic.com/images?q=tbn:ANd9GcTn82LqCdTlNy8PHr_FneylicP6Rb4_NzJU5ft-Stx709X4WHtgV64B4nqjGDg&s
Pescada filé cru,https://encrypted-tbn0.gstatic.com/images?q=tbn:ANd9GcSj_YS7mYYSZCUOWpXbURkwSi2Tp-KObaFwqqWGn3wBMcq36VzTqLJfe4L7LAk&s
Pescada filé frito,https://encrypted-tbn0.gstatic.com/images?q=tbn:ANd9GcSlnO-Ystgk4Ws5e6mXn9P8YKGZA43VgqiiEoPkj3utoBBFA4j1CD5XzC7N79E&s
Pescada filé molho escabeche,https://encrypted-tbn0.gstatic.com/images?q=tbn:ANd9GcScbDqcd1WdfPPimazJPYE-Qfr2HU-LFAEhFUjKkFMaB4wjgBlXslAJ8h8wrw&s
Pescadinha crua,https://encrypted-tbn0.gstatic.com/images?q=tbn:ANd9GcRiIErqk4oqCvLlcUqv5-oGZJfWb8ScuNVrDP61zUINmZE_mMDfxjVx_wfT_A&s
Pintado assado,https://encrypted-tbn0.gstatic.com/images?q=tbn:ANd9GcRVzfiuKYJ4-nhtLkambAQRlqR8iWeB0K6lujyG5Dvi-UGFl14ELfJWInpjcw&s
Pintado cru,https://encrypted-tbn0.gstatic.com/images?q=tbn:ANd9GcT3BQ7mxfZN22K8rQVWNySnkChbSbQ1mIh_yazsl5d-1C6rHlRp7sfaH4HpZv4&s
Pintado grelhado,https://encrypted-tbn0.gstatic.com/images?q=tbn:ANd9GcQchB_uY7UQd8aOYbI0tElgIKvISejVe6N4fHSYFW1skkneV-shSvS9zLWbOw&s
Porquinho cru,https://encrypted-tbn0.gstatic.com/images?q=tbn:ANd9GcTmb5Yrly-po2QfscfW2xVBEgmIrCyv6lYgK9Q5TCFM06KsZiG4xICG1NnkBX8&s
Salmão filé com pele fresco grelhado,https://encrypted-tbn0.gstatic.com/images?q=tbn:ANd9GcRIQ4PAqeoawOAxvovznxMsZ7wCTYIu8nkmD45F3esP2h68Cv-e5IsETTCdFg&s
Salmão sem pele fresco cru,https://encrypted-tbn0.gstatic.com/images?q=tbn:ANd9GcRaY8JW4-47Eec9ghMNfx1y0prJRrmwnvFP9J3-Lc2YxnAmloOHmkGHCEWFlYI&s
Salmão sem pele fresco grelhado,https://encrypted-tbn0.gstatic.com/images?q=tbn:ANd9GcRIQ4PAqeoawOAxvovznxMsZ7wCTYIu8nkmD45F3esP2h68Cv-e5IsETTCdFg&s
Sardinha assada,https://encrypted-tbn0.gstatic.com/images?q=tbn:ANd9GcSxf83jd_YbC_X22VSoMGZ7yVENRb3LfWLZKROL0beLK3m3NeBnd3TPxLvGMw&s
Sardinha conserva em óleo,https://encrypted-tbn0.gstatic.com/images?q=tbn:ANd9GcTHuDXaMPSO6AtlDrQ-tTHVb9QXWcfMPTjYleTtQQ83LJwC3X2G5SQaT-Tpon0&s
Sardinha frita,https://encrypted-tbn0.gstatic.com/images?q=tbn:ANd9GcRnyLj4BU7hNfYEoKWYvciFu3L9aExd5efRaz_Tv1bw6bkefAwzDzL2cMDyMA&s
Sardinha inteira crua,https://encrypted-tbn0.gstatic.com/images?q=tbn:ANd9GcRHFsjKNYaJ6uywDnM5tc9SgMj6-DCFxwIXcwkMVQawhwkwuyhdmQtbjB8ITQ&s
Tucunaré filé congelado cru,https://encrypted-tbn0.gstatic.com/images?q=tbn:ANd9GcTpkI5te9PFxthOPmGFPpy2xgfX3k7QKkrJsrWOCSER8fRLO1GIF7H8J_TuXg&s
Apresuntado,https://encrypted-tbn0.gstatic.com/images?q=tbn:ANd9GcSQ9jfIxcRLXUwREYrvns2hVkLRvju96uFkpjDVELJgiaREqKw1DsgF2WWbKA&s
Caldo de carne tablete,https://encrypted-tbn0.gstatic.com/images?q=tbn:ANd9GcQtmdL3nFzfFMsllAL0hRiKsYAVNYUtxINhPnOYYX_LX6_EHtXAs5rqnpoGHTc&s
Caldo de galinha tablete,https://encrypted-tbn0.gstatic.com/images?q=tbn:ANd9GcT9KfqS6zPbvZOsLIFrQ32Uo1dgvGUM9A0ZoOVPtub2v31qgJToyoVBFytqy1A&s
Carne bovina acém moído cozido,https://encrypted-tbn0.gstatic.com/images?q=tbn:ANd9GcTrjDJCuXc4fRRgCb0P9pyrgC9Z5LaWulWL_KRWeCXhE-r8aB0_33gNvyN6nw&s
Carne bovina acém moído cru,https://encrypted-tbn0.gstatic.com/images?q=tbn:ANd9GcTvXB8b8BteTlkRZrl6Mh8GCr6bnAd6wcGUrZzj5sjg4abf-HLbG29_BnGGODI&s
Carne bovina acém sem gordura cozido,https://encrypted-tbn0.gstatic.com/images?q=tbn:ANd9GcTrjDJCuXc4fRRgCb0P9pyrgC9Z5LaWulWL_KRWeCXhE-r8aB0_33gNvyN6nw&s
Carne bovina acém sem gordura cru,https://encrypted-tbn0.gstatic.com/images?q=tbn:ANd9GcTrjDJCuXc4fRRgCb0P9pyrgC9Z5LaWulWL_KRWeCXhE-r8aB0_33gNvyN6nw&s
Carne bovina almôndegas cruas,https://encrypted-tbn0.gstatic.com/images?q=tbn:ANd9GcSFd9MtTRavkyz4ls3sLJM9WoXNlhMMmJZIi0Bw8aAHqBHIaCgjQbZ_TMxEvnU&s
Carne bovina almôndegas fritas,https://encrypted-tbn0.gstatic.com/images?q=tbn:ANd9GcS7jGWpbH17ezO3fw1zwNsk92IrMZ-FDtPWMeFoW-w5Lu3N6tTPcSHJqZ-srg&s
Carne bovina bucho cozido,https://encrypted-tbn0.gstatic.com/images?q=tbn:ANd9GcRju_z9Xmam6EUW-C5hnmWn7lo16kpiTN-KFNPfgJcHZaM-RbgMt9rA2Z24ZBI&s
Carne bovina bucho cru,https://encrypted-tbn0.gstatic.com/images?q=tbn:ANd9GcRa41qki5oWT5pTmaQsAcgINkatRjgLqIvnT6pp1Aj-nJA9tK2mCTl5tf4oK4g&s
Carne bovina capa de contra-filé com gordura crua,https://encrypted-tbn0.gstatic.com/images?q=tbn:ANd9GcTCPADvHh3kJWh3h7XXa2XBZczvRA2X0ynl-W5FO2x5erjmgcvWpo2QsAdQuA&s
Carne bovina capa de contra-filé com gordura grelhada,https://encrypted-tbn0.gstatic.com/images?q=tbn:ANd9GcQsXc2_b3lGeMJyJBD-1tetC4_HDXiwEgTOtm766AiKn9oU967rcITxoA6OCQ&s
Carne bovina capa de contra-filé sem gordura crua,https://encrypted-tbn0.gstatic.com/images?q=tbn:ANd9GcTCPADvHh3kJWh3h7XXa2XBZczvRA2X0ynl-W5FO2x5erjmgcvWpo2QsAdQuA&s
Carne bovina capa de contra-filé sem gordura grelhada,https://encrypted-tbn0.gstatic.com/images?q=tbn:ANd9GcQsXc2_b3lGeMJyJBD-1tetC4_HDXiwEgTOtm766AiKn9oU967rcITxoA6OCQ&s
Carne bovina charque cozido,https://encrypted-tbn0.gstatic.com/images?q=tbn:ANd9GcQmFEi2IxFzY84CAAd6zmuQ6eQjG9tZowLCYSKl_mCgRQvBp1SXbC1CQ2Q7wA&s
Carne bovina charque cru,https://encrypted-tbn0.gstatic.com/images?q=tbn:ANd9GcTnexjXiPnKRt0kJPsHwgglxccZFZiScDPQrqD_a6Nv-zeaGDDLHB13qvyqyA&s
Carne bovina contra-filé à milanesa,https://encrypted-tbn0.gstatic.com/images?q=tbn:ANd9GcSusQi1suL7jmyM48ADoKEt7VJomKR7S66rT1_C8eqYQIXaJv8RDAIBBAu5Vw&s
Carne bovina contra-filé de costela cru,https://encrypted-tbn0.gstatic.com/images?q=tbn:ANd9GcT0Wt29dIFx4oqwfcB7euy_bTcKavW2twdoTKY5l52h3M20MMgyPrrSKo-drQ&s
Carne bovina contra-filé de costela grelhado,https://encrypted-tbn0.gstatic.com/images?q=tbn:ANd9GcT0Wt29dIFx4oqwfcB7euy_bTcKavW2twdoTKY5l52h3M20MMgyPrrSKo-drQ&s
Carne bovina contra-filé com gordura cru,https://encrypted-tbn0.gstatic.com/images?q=tbn:ANd9GcSVJI-7KAF_b5PtZM7gTo2JYJ4_Xnhz_wl4FguXbV_XyXRxJq57PIz7Nh0gZpA&s
Carne bovina contra-filé com gordura grelhado,https://encrypted-tbn0.gstatic.com/images?q=tbn:ANd9GcRLIepcaN5msmdlyboGbJc5F-c3FZBBbAPwJg_5O42v_xwzIg_rcW5qJAl1Fw&s
Carne bovina contra-filé sem gordura cru,https://encrypted-tbn0.gstatic.com/images?q=tbn:ANd9GcRuy9mpE1m-PorICc7-3Hh7MpC7EX5XpRXHozih_8BZD3C5Iws9XJNHgwXpvMc&s
Carne bovina contra-filé sem gordura grelhado,https://encrypted-tbn0.gstatic.com/images?q=tbn:ANd9GcSzjNlThWZhBFgkBLFTdVKwOa7RzIcOjMzc7iYfvSuTB4NprXVKEtvKrXPzGQ&s
Carne bovina costela assada,https://encrypted-tbn0.gstatic.com/images?q=tbn:ANd9GcTzQ5sEX4KyUk2v2f_kebb15gMdxa5_IOyi5pa8-H2ZEzIGW6E0PmMXVFM0ppM&s
Carne bovina costela crua,https://encrypted-tbn0.gstatic.com/images?q=tbn:ANd9GcSoBMmYoU721Q8c0rIuFzXSqkBwI6Q6sP6NZJxEqylo_LGe6NsexAQgdtvNn_A&s
Carne bovina coxão duro sem gordura cozido,https://encrypted-tbn0.gstatic.com/images?q=tbn:ANd9GcS42nXW-1YPG0n5dBoeIiaYNMDAMZjcf_HgZb6TgePiBk1K7WUjrPtw9AobRg&s
Carne bovina coxão duro sem gordura cru,https://encrypted-tbn0.gstatic.com/images?q=tbn:ANd9GcSx93cA5KOSTj8TWa87img4KpvUnhAAX9oebMQ5jfqjfaRmZQT2D03h4e5iLoY&s
Carne bovina coxão mole sem gordura cozido,https://encrypted-tbn0.gstatic.com/images?q=tbn:ANd9GcQcN1uTJMDPX0Vqe-UJgxtBE08I0wYCOlyqz1FnvspvRAqjNVAMA0CdxT-f_sQ&s
Carne bovina coxão mole sem gordura cru,https://encrypted-tbn0.gstatic.com/images?q=tbn:ANd9GcTifgbZRHcFN9Pe7YBhRbstmg9AXkeyAEAu_dfMfZ-JVEuBeeY0WuwyTpNZOyg&s
Carne bovina cupim assado,https://encrypted-tbn0.gstatic.com/images?q=tbn:ANd9GcTfzgwEB8lx79sS65R6tmvGVc9t5qiRP-SPv3Zdw8dbUUd8pqsWYpr8us291B8&s
Carne bovina cupim cru,https://encrypted-tbn0.gstatic.com/images?q=tbn:ANd9GcTfzgwEB8lx79sS65R6tmvGVc9t5qiRP-SPv3Zdw8dbUUd8pqsWYpr8us291B8&s
Carne bovina fígado cru,https://encrypted-tbn0.gstatic.com/images?q=tbn:ANd9GcS-zFCjpzAVPQsB9zzIhZqZP5AxEzNQz9E-DXUAJdfsVY26I_m6nTcBIP1VUvc&s
Carne bovina fígado grelhado,https://encrypted-tbn0.gstatic.com/images?q=tbn:ANd9GcT1PQcZt71f5lGvpPDdmDaLKnbm-jEXJWyNMIpcGJuCAOsLv9_2Nj5IA_8PwOw&s
Carne bovina filé mingnon sem gordura cru,https://encrypted-tbn0.gstatic.com/images?q=tbn:ANd9GcT5CZG7xlgNxwIPbqQttl_gEqtlIA325or-fkOZ6XOL6QdynUJkmqEZ7O3WQQ&s
Carne bovina filé mingnon sem gordura grelhado,https://encrypted-tbn0.gstatic.com/images?q=tbn:ANd9GcRMrfMgRTl15Z3EN-ggSpgPaDz6bS2cju7FPng18t0RlIQeMrlmBSRBv_YzcA&s
Carne bovina flanco sem gordura cozido,https://encrypted-tbn0.gstatic.com/images?q=tbn:ANd9GcTrjDJCuXc4fRRgCb0P9pyrgC9Z5LaWulWL_KRWeCXhE-r8aB0_33gNvyN6nw&s
Carne bovina flanco sem gordura cru,https://encrypted-tbn0.gstatic.com/images?q=tbn:ANd9GcRJ6eEqdREymzEAYQj4AY2LYgRcX4Mnn43Fr8cu7oHkcnJn2KuBblze-CvaRQ&s
Carne bovina fraldinha com gordura cozida,https://encrypted-tbn0.gstatic.com/images?q=tbn:ANd9GcQiPisWf7AA1gFYUvCEbxrqd9QKksD-N3ps9-5dSzk0wGQ_-1vfXrTBhTzlBlk&s
Carne bovina fraldinha com gordura crua,https://encrypted-tbn0.gstatic.com/images?q=tbn:ANd9GcTRET-3rdykmggeRTSD5ZXvALUYVMebILDYtGAdkMEOG6NI4l2LY50yBBIH9ag&s
Carne bovina lagarto cozido,https://encrypted-tbn0.gstatic.com/images?q=tbn:ANd9GcSbpbWIQ2WnxZF1j5eaIWPvu-UpToavn15ZRs7cZ70uR_myHgurLxirl6cWOg&s
Carne bovina lagarto cru,https://encrypted-tbn0.gstatic.com/images?q=tbn:ANd9GcSnNtLnEkW-EHKC4SR8fz25bQZfQ4WVZxq6Wk-n-6YQu_YUSwGu3tSaYvraCQ&s
Carne bovina língua cozida,https://encrypted-tbn0.gstatic.com/images?q=tbn:ANd9GcRaSuytDpdABG7rX_JQV3y-VEciVVRiuj8YIYGrme4SLex_sUHGU1SVbIWtBQ&s
Carne bovina língua crua,https://encrypted-tbn0.gstatic.com/images?q=tbn:ANd9GcS7yJmU5wxmGmCVA8KEHLpOzVx21Obui_8V06WA49zP6zs64ICHs0elM1vU2Q&s
Carne bovina maminha crua,https://encrypted-tbn0.gstatic.com/images?q=tbn:ANd9GcTRET-3rdykmggeRTSD5ZXvALUYVMebILDYtGAdkMEOG6NI4l2LY50yBBIH9ag&s
Carne bovina maminha grelhada,https://encrypted-tbn0.gstatic.com/images?q=tbn:ANd9GcSBoahs5mX9kiXiBBqOAgiC9cIIXpWipce-kRnaj21GFc4li9V9ZNfS8umjuBc&s
Carne bovina miolo de alcatra sem gordura cru,https://encrypted-tbn0.gstatic.com/images?q=tbn:ANd9GcQiNP3w8-u4QLY-URfj6EK8l89sB8C8gVLcGix0O14iK-evbJx5m0gNJc-A4g&s
Carne bovina miolo de alcatra sem gordura grelhado,https://encrypted-tbn0.gstatic.com/images?q=tbn:ANd9GcQiNP3w8-u4QLY-URfj6EK8l89sB8C8gVLcGix0O14iK-evbJx5m0gNJc-A4g&s
Carne bovina músculo sem gordura cozido,https://encrypted-tbn0.gstatic.com/images?q=tbn:ANd9GcS5qidtqMVViLpHG9F04n0jL5mJMyCNfYkL7zDVFOWfuBTCq55lOkn2PpdJiA&s
Carne bovina músculo sem gordura cru,https://encrypted-tbn0.gstatic.com/images?q=tbn:ANd9GcTKJOfN-UxbdoRjkJA3wfYSvrZiKaz9_xHSesoZlSbT0p-npd7Rzu0-ClKrXQ&s
Carne bovina paleta com gordura crua,https://encrypted-tbn0.gstatic.com/images?q=tbn:ANd9GcSoxz2CZja9FQyGQ4l4UACsBSnsDRqMkD-XuqVSyY9e0nOnnecCWfnsR_dOEg&s
Carne bovina paleta sem gordura cozida,https://encrypted-tbn0.gstatic.com/images?q=tbn:ANd9GcTb5_0RqpIRthSvl3gXq5aGmwHZLGZryooDAkXvc4gCEp_Drm7KEZo9zbWizg&s
Carne bovina paleta sem gordura crua,https://encrypted-tbn0.gstatic.com/images?q=tbn:ANd9GcSA7VUnlIjCTBTk69B1NZbYPKLw3OuWB__SeQrlMiUZTYoLKW1HQ-saUIbJBRg&s
Carne bovina patinho sem gordura cru,https://encrypted-tbn0.gstatic.com/images?q=tbn:ANd9GcTKJOfN-UxbdoRjkJA3wfYSvrZiKaz9_xHSesoZlSbT0p-npd7Rzu0-ClKrXQ&s
Carne bovina patinho sem gordura grelhado,https://encrypted-tbn0.gstatic.com/images?q=tbn:ANd9GcSM_nfzQQfoVkP0X0K2Eimlv1pVgRk80ymKgpzaWmikBiYSoi7QnksOMTKw-g&s
Carne bovina peito sem gordura cozido,https://encrypted-tbn0.gstatic.com/images?q=tbn:ANd9GcSe93KWaouZhsHuSlK1LZ525vUCLSm1iN4HCeGO0SJ3icFGBLpPQbnRZWd4UA&s
Carne bovina peito sem gordura cru,https://encrypted-tbn0.gstatic.com/images?q=tbn:ANd9GcQoAwzDIkMvODlmwu--Mkp5vvE88ptfS586aISSh8OwOg05OwWHVuT-uKz7VQ&s
Carne bovina picanha com gordura crua,https://encrypted-tbn0.gstatic.com/images?q=tbn:ANd9GcRI_pybDrymKKT0S0K-kPiIIUZEubXjDj6p4C20D2vFXnxhZ9RCrnDP98_dILQ&s
Carne bovina picanha com gordura grelhada,https://encrypted-tbn0.gstatic.com/images?q=tbn:ANd9GcT4jd1F99xn_7r1_RL70cHIX1B1NdwIBRBQnHSrjXMSzHhXMSRdy_5yX9U1lg&s
Carne bovina picanha sem gordura crua,https://encrypted-tbn0.gstatic.com/images?q=tbn:ANd9GcQS4m0rdI8QEEFqdiD_pv7HW3WFGcR6JtrgwXjzdsfifkjFl8vSg7daSkMPJpY&s
Carne bovina picanha sem gordura grelhada,https://encrypted-tbn0.gstatic.com/images?q=tbn:ANd9GcQS4m0rdI8QEEFqdiD_pv7HW3WFGcR6JtrgwXjzdsfifkjFl8vSg7daSkMPJpY&s
Carne bovina seca cozida,https://encrypted-tbn0.gstatic.com/images?q=tbn:ANd9GcRYPKo5CSE0OymaUY7W0k5cJx-vVqINCWJBBCRxPALa4PESvKaSZz1ly6WjLEk&s
Carne bovina seca crua,https://encrypted-tbn0.gstatic.com/images?q=tbn:ANd9GcRdkwoQT1uiVWbASQVZ-03pZyDVGTq71jC2wtkSD5glJYBsPjVOD4yjXzAGbA&s
Coxinha de frango frita,https://encrypted-tbn0.gstatic.com/images?q=tbn:ANd9GcTfghkbcWZlI5FBHAK2OZCnhCzHvD_vYDFNZaXKaAojdj8G8yiXV68jLYMoL4o&s
Croquete de carne cru,https://encrypted-tbn0.gstatic.com/images?q=tbn:ANd9GcTiifaAAZAUEaNbYHbgTccO6oVmt50Ch7Q2bSUGP_SVme8DrQ2TqoVVc1cbyw&s
Croquete de carne frito,https://encrypted-tbn0.gstatic.com/images?q=tbn:ANd9GcS02EFZ2RzFg0K-eWpahjx3mQh7lfzXSVC5l43iwBUMQNcAttxnEHrHSmHZow&s
Empada de frango pré-cozida assada,https://encrypted-tbn0.gstatic.com/images?q=tbn:ANd9GcQnZgzEMA0-eEV25MtEG7TVkDA6LeL7svT6R34tmal137Bsj2ofkix4DD3saQ&s
Empada de frango pré-cozida,https://encrypted-tbn0.gstatic.com/images?q=tbn:ANd9GcSlnoY9iPs7ht2E4LY2o1Is9aiKJEKhpwPOSlO3y4AdVTvLSxD3v0huF6FA4Q&s
Frango asa com pele crua,https://encrypted-tbn0.gstatic.com/images?q=tbn:ANd9GcQj9XrnZxPav9mKQtyuzlg97wjF1tGDNDpCmDG8YvqqWL1UMNzASOiBSktLW7A&s
Frango caipira inteiro com pele cozido,https://encrypted-tbn0.gstatic.com/images?q=tbn:ANd9GcRaIyjmO2M2kDrlyyI4sOe3cluzwKRECAg9dp_Uh6KZpbJ235kQJpS9SG_tvQ&s
Frango caipira inteiro sem pele cozido,https://encrypted-tbn0.gstatic.com/images?q=tbn:ANd9GcSc9eL8PtDGaJ9byLd3yJ-P2URMtlUM8s8MmQ7NnQ93ZRxE0AiEsO6HrjsZZFg&s
Frango coração cru,https://encrypted-tbn0.gstatic.com/images?q=tbn:ANd9GcRl2OvBW5znpMMrIBiwt8wIzVAVxlb1akP2Xbw1PgO13JvMawdWWSvD08vE9Q&s
Frango coração grelhado,https://encrypted-tbn0.gstatic.com/images?q=tbn:ANd9GcTO5S__x4ghJ8fI6czLopHwnWyFSkV0hZXFmayHWiiF9DPoVzayLjzGNEVTaw&s
Frango coxa com pele assada,https://encrypted-tbn0.gstatic.com/images?q=tbn:ANd9GcTOe3oqxlQUNlWkzgfXf6TSV3jlt0OA1HDs2VEwHePyckBE1UQf4JJ0LQYF_A&s
Frango coxa com pele crua,https://encrypted-tbn0.gstatic.com/images?q=tbn:ANd9GcQBB1-Qko1RuCYe30s3Z6-DmS38NA21er7anRPGAOnKBhXPuw7phnpAhRbBZw&s
Frango coxa sem pele cozida,https://encrypted-tbn0.gstatic.com/images?q=tbn:ANd9GcQx_okUq4sn16jnDYN8S2u5ok24i-UL5kOc-6KmYpN6nqvQSrb0nOc4ska-Xg&s
Frango coxa sem pele crua,https://encrypted-tbn0.gstatic.com/images?q=tbn:ANd9GcQOseUFTYdj7E_jCfO61XpSIZrIrIOfJMGrZD2WAORF-E2PwXDaTtek-__6YQ&s
Frango fígado cru,https://encrypted-tbn0.gstatic.com/images?q=tbn:ANd9GcRTNdPaB9vIP3jx5DBly3mirESZlGW1wYRCJniKSKCWW19sjB3RA_6nEWLgYg&s
Frango filé à milanesa,https://encrypted-tbn0.gstatic.com/images?q=tbn:ANd9GcRizMAINmpJN3yaRyHz_vF5xkoml6yQ1p_cyBKNjCjP2ZF6Jqpce5M6VZCjfQ&s
Frango inteiro com pele cru,https://encrypted-tbn0.gstatic.com/images?q=tbn:ANd9GcSf1yhTVpOPHv6vA4Rwj2dqytqppE8u3CKaTUuz0-6J_7yjIMt14ggjqU9T8w&s
Frango inteiro sem pele assado,https://encrypted-tbn0.gstatic.com/images?q=tbn:ANd9GcSGj_sGEx9TGUTosbHiqYRxRPZNO0wgC-k8Wv7wPhvLVEG6wHyKLCB29FaFzBs&s
Frango inteiro sem pele cozido,https://encrypted-tbn0.gstatic.com/images?q=tbn:ANd9GcRhSOPMoeFaoM9oO1jYGlfI0ChuIfxameNvTr6MYyNz7DIYtWQqzqHYtcXcLCo&s
Frango inteiro sem pele cru,https://encrypted-tbn0.gstatic.com/images?q=tbn:ANd9GcQQr_famdKxFwK0Iuue8W7_QJA6PgdNLNy3iDIl6KsCPBYHLf2Ct2yf1EUL-A&s
Frango peito com pele assado,https://encrypted-tbn0.gstatic.com/images?q=tbn:ANd9GcRb_DhBZn4jU9yA9QKH2rT_Dm2ZcZjvhN-B_mC9KMoUx5eIW9sdmUOGjy6x0w&s
Frango peito com pele cru,https://encrypted-tbn0.gstatic.com/images?q=tbn:ANd9GcTbGr2FwbR9t5XQdY-EaoGBPT8HCf8_LwZnlmk2SM_JYnbEDAtD3ZEqoAs17fk&s
Frango peito sem pele cozido,https://encrypted-tbn0.gstatic.com/images?q=tbn:ANd9GcTKFqVQyxnjl2zqMT5PxmjITvlEpF2laFoLdc49ikvDA1KxfO5OQmWDTLEGZQ&s
Frango peito sem pele cru,https://encrypted-tbn0.gstatic.com/images?q=tbn:ANd9GcSRWVb4-CsKyeO59Z9yGiZQXwOr7vtKbfR9uYdPvr0Radheo5BiTshO0OJ7Ldc&s
Frango peito sem pele grelhado,https://encrypted-tbn0.gstatic.com/images?q=tbn:ANd9GcSCxoGWf_jLjcfS6tyLBAQ_utccmAlqMh5kyXaa2Sd2W_VDfZrEXb9tmlvI1Q&s
Frango sobrecoxa com pele assada,https://encrypted-tbn0.gstatic.com/images?q=tbn:ANd9GcTptl-jBzvxEzK2U9U3knE1tySfka5JHVuNQzvJZ0eQFDcGWDsaLkgjjLUxwvM&s
Frango sobrecoxa com pele crua,https://encrypted-tbn0.gstatic.com/images?q=tbn:ANd9GcSOCq5XUycSgF1qplphLWoiJPWL5pL0ADqJxxDELNY0i347xcnfjhlj-9JfRmg&s
Frango sobrecoxa sem pele assada,https://encrypted-tbn0.gstatic.com/images?q=tbn:ANd9GcSwW69GZWXExL_Vvuu30W7G2fdFsQ_miOwW6T_NzJjDnZHwUVIedsmb77094g&s
Frango sobrecoxa sem pele crua,https://encrypted-tbn0.gstatic.com/images?q=tbn:ANd9GcQh4zdsQ57eqbn4rrv1BbqrEFlJFGdajSU8tGvFztHxYYl7NrJYY0mNXSGQvQ&s
Hambúrguer bovino cru,https://encrypted-tbn0.gstatic.com/images?q=tbn:ANd9GcR4QAdMCpzMQISm18IaMuLMdIVjPeUd81npx1d3lYpRhdYpHkFE9yn6KzcWFbQ&s
Hambúrguer bovino frito,https://encrypted-tbn0.gstatic.com/images?q=tbn:ANd9GcRNlUZS9JefaZ50pQ1x5IOlRm-4HLfYBQ1knHAhomLc6tvT7KXqVFBOPGDWGA&s
Hambúrguer bovino grelhado,https://encrypted-tbn0.gstatic.com/images?q=tbn:ANd9GcQQf35ddPoSyK3m4Vlt5qHvyCXyxlz7D0GTHKZ5BnvsaUXRXu9r2Fj8GHl48JI&s
Lingüiça frango crua,https://encrypted-tbn0.gstatic.com/images?q=tbn:ANd9GcTQltubObfEP7sM22WZonPVWimhPnVFGaTk-5Z6Jmw7FUwaM2XZMjYiA0pd9k0&s
Lingüiça frango frita,https://encrypted-tbn0.gstatic.com/images?q=tbn:ANd9GcTjSCrMpkmZix3xZjLTej4o2DA9l_0oJ4ezWhfrNVhw7sM6mASV0tTi4KPwMQ&s
Lingüiça frango grelhada,https://encrypted-tbn0.gstatic.com/images?q=tbn:ANd9GcS3kZWKsbnQk6c719GObxmzPHslJZhX9s4njIlPDDpYYWMn4ZsmEOY0biAtvRQ&s
Lingüiça porco crua,https://encrypted-tbn0.gstatic.com/images?q=tbn:ANd9GcTMzehAdnEcZCuyBMElvRNKqkKh0r-u8kLDGnahNHKtX6x5vrBNZ7b1YD-z-qQ&s
Lingüiça porco frita,https://encrypted-tbn0.gstatic.com/images?q=tbn:ANd9GcR7n5GAbinJQD4a7VpTVC4I_BBM-wmFT21POYUfBEOW4O19XbhmOHUJYoF6YUM&s
Lingüiça porco grelhada,https://encrypted-tbn0.gstatic.com/images?q=tbn:ANd9GcTXDURxwoM9RNJme4siDAX7krY4glHK05WfyBdJwDmL9IE-2PY2PSkjZKDBUw&s
Mortadela,https://encrypted-tbn0.gstatic.com/images?q=tbn:ANd9GcQMSlbDorwMTfU7JzqxtYKd96Fk1VCu03nGhQXCZwcTJHSt-HdJRxiDH7TLRQ&s
Peru congelado assado,https://encrypted-tbn0.gstatic.com/images?q=tbn:ANd9GcQWfx6NzqCw0fYBkjIe7CPer9fzsBAEPMcwxoJW0QP2zFkyjSjB6E83HNd0Gw&s
Peru congelado cru,https://encrypted-tbn0.gstatic.com/images?q=tbn:ANd9GcSDfPxzm92nt2y_WJQPetd48idecX1Kanj06Asyjh7LgkYuLO4S1Hi46XPzeQ&s
Porco bisteca crua,https://encrypted-tbn0.gstatic.com/images?q=tbn:ANd9GcTH9znh8giLGEqTbYj8yAvmv1C5F2pgCobzHwPI0eZkyns5JBSu1DbxI2W12EY&s
Porco bisteca frita,https://encrypted-tbn0.gstatic.com/images?q=tbn:ANd9GcSFc1INErzzzugxHOqxhTMgMc_O0A8O5KjJbnGt2Vja_SPZ2C6_qoP8uAex0kQ&s
Porco bisteca grelhada,https://encrypted-tbn0.gstatic.com/images?q=tbn:ANd9GcSfecWGNEA2KxYASq1ifGIMUF33yK8i6gLQ5_0zjYKiOBraq7GMN0SYOxPLZA&s
Porco costela assada,https://encrypted-tbn0.gstatic.com/images?q=tbn:ANd9GcSlnTHVxIcKxzTUk-giL7VfOkU0BxTgZmg6er-5RDeklcpd-fjFguuyXUCipA&s
Porco costela crua,https://encrypted-tbn0.gstatic.com/images?q=tbn:ANd9GcQJivaYy-RgRxC3hZ-GXT1tCnFOzEVp9XYVu65l6W7MQDEFFMWEPXaBtFzAh5A&s
Porco lombo assado,https://encrypted-tbn0.gstatic.com/images?q=tbn:ANd9GcS2ME6UnwDYNl7pVU0TkAGzAHxYTkLD607sL-V-6Fo1h_DJN_zkXHw955XT6w&s
Porco lombo cru,https://encrypted-tbn0.gstatic.com/images?q=tbn:ANd9GcRoKaCl_tzKvpjQP9TopBNvFFYZgKpEEXq7n0K1zmsLP6GGCH5yP9Q8JJI-sfA&s
Porco orelha salgada crua,https://encrypted-tbn0.gstatic.com/images?q=tbn:ANd9GcQmq7N7XmAKNWVOqBdZLCrGFtz7s4BF-R6eBPx2PYZQu1sZPNaDsew4kewVb6U&s
Porco pernil assado,https://encrypted-tbn0.gstatic.com/images?q=tbn:ANd9GcR1dhv7AphF09S5EWG7WyngLSyz8ozE4W1Sx7unmf68ZKwzWUuWB6am_OvyZIM&s
Porco pernil cru,https://encrypted-tbn0.gstatic.com/images?q=tbn:ANd9GcTZP_sbDEpjM197RxmGybN9PNvmrhiJZ1_Lbv5bZuQBhVrhFUh_F3bFFGvU-w&s
Porco rabo salgado cru,https://encrypted-tbn0.gstatic.com/images?q=tbn:ANd9GcSk0FNhUDMCI9JkEOUPNQZNBP2tkGLzAkp3uhVc-PzT9mIjEyjMV3WJhZYheB4&s
Presunto com capa de gordura,https://encrypted-tbn0.gstatic.com/images?q=tbn:ANd9GcQGX2eE2Ep-mV98PwYBi2DJ85VY1A0lteg19Tcurf75vKXZ5aN9ftnr-y39CA&s
Presunto sem capa de gordura,https://encrypted-tbn0.gstatic.com/images?q=tbn:ANd9GcRyXcZGHM0uX5c5jNkoh_q6Z-QQsmOGov_M7VXtCfyZ6Dm_lxZbYOwYsVpmZw&s
Quibe assado,https://encrypted-tbn0.gstatic.com/images?q=tbn:ANd9GcTaPt5cmldmnjQVVkmNeb2JkCrAtyqQTgOtyADDOn8EhgP9EYypjGd87DSJvJQ&s
Quibe cru,https://encrypted-tbn0.gstatic.com/images?q=tbn:ANd9GcTbz3-ri7XbWG0Y_DlqUHjBFVKqEXYZBHbdTh6GX14ZNDwEoaDbRpjpovKbfg&s
Quibe frito,https://encrypted-tbn0.gstatic.com/images?q=tbn:ANd9GcS3DLR3Ob-Y2yjQecRb44ukmjtm0Gu--ynfSHI96A0Y0_aRVt2QuQgPeBfzTWQ&s
Salame,https://encrypted-tbn0.gstatic.com/images?q=tbn:ANd9GcTmZtpcOI3jDf482EPcdsjU4carHpMCcnsjcjhD5SBc4zG-pJd4-dDz_hm_4Cw&s
Toucinho cru,https://encrypted-tbn0.gstatic.com/images?q=tbn:ANd9GcR4W3lE4OZYE_uCPw60jE09wyuvAljPlWoEijFkkdVCHVM18lFk40KvAOLOeA&s
Toucinho frito,https://encrypted-tbn0.gstatic.com/images?q=tbn:ANd9GcRYtmCjzko29V2mLxe0RpUqY50m1t_bvoPXoECmJnxZFN9GIowkFA6bG1jIXw&s
Bebida láctea pêssego,https://encrypted-tbn0.gstatic.com/images?q=tbn:ANd9GcQJN5H5-By95sEJKmlCRV8RnbroVXAD2Rj-nYpq0HFmouDaHcIDwlY-i0uNqtY&s
Creme de Leite,https://encrypted-tbn0.gstatic.com/images?q=tbn:ANd9GcR2YxF-ncNg14PUlfATKLhDfd8o-GCDGzTiDX8NNvVCJlNlnsyjhuBGeISqVQ&s
Iogurte natural,https://encrypted-tbn0.gstatic.com/images?q=tbn:ANd9GcS5uRakK1hfTcpNqBOPIaRhhNATgIbxcReYriB3aCPiDr-YgX2CQwB-4z4aVqg&s
Iogurte natural desnatado,https://encrypted-tbn0.gstatic.com/images?q=tbn:ANd9GcS5uRakK1hfTcpNqBOPIaRhhNATgIbxcReYriB3aCPiDr-YgX2CQwB-4z4aVqg&s
Iogurte sabor abacaxi,https://encrypted-tbn0.gstatic.com/images?q=tbn:ANd9GcT_XGX6TMJkg6e2OR_VRxPG7wEYBUvdIZpX-OkuDFfdbGGGOY91VHKQlXEMwg&s
Iogurte sabor morango,https://encrypted-tbn0.gstatic.com/images?q=tbn:ANd9GcRoyr4OcM6yKuMfoJ3QJNFTsN3T0NjHc0T7e-ZK4anltLUaxJOX5Co4ZwGk8A&s
Iogurte sabor pêssego,https://encrypted-tbn0.gstatic.com/images?q=tbn:ANd9GcRSkbHsjoEcYH8ebhgWIFCsmv5X6RJlSifdk2o14d8oMtjnARQWgApwjFxh1VQ&s
Leite condensado,https://encrypted-tbn0.gstatic.com/images?q=tbn:ANd9GcTjhK9tQmjKOleoy8GopPkyTog2cwsnNajb-9knw7WnpHgQiyf8a65F9MYAcqw&s
Leite de cabra,https://encrypted-tbn0.gstatic.com/images?q=tbn:ANd9GcQFLNhRx5NS6RBHprGKPMKk52zLB_DC_oSxSuFEwRYVrQLzrLK6UWZrK0IKmwc&s
Leite de vaca achocolatado,https://encrypted-tbn0.gstatic.com/images?q=tbn:ANd9GcR98K73asJpxp3yN0jeKzSAnw4Mtw_9gP7s-yRqC-3MOWoXeoOYbVMtYLSDc6Q&s
Leite de vaca desnatado pó,https://encrypted-tbn0.gstatic.com/images?q=tbn:ANd9GcRradbcYmYevYhRm6Ih05x6E4E373pdeoJxhABxJrAPHZl-iSL_wxcvptXo1w&s
Leite de vaca desnatado UHT,https://encrypted-tbn0.gstatic.com/images?q=tbn:ANd9GcT2iwqJ6Ng2JZyp8Us3f3AVPLCb4Y0dUSIguNoLXoNeC8N0zA8aitfToaqAhQ&s
Leite de vaca integral,https://encrypted-tbn0.gstatic.com/images?q=tbn:ANd9GcSBV9NSHD0NcqIsEQ_IqcS05WnWOZl-XqkaJewo-gakxD_FbZtLHasLgZs7uQ&s
Leite de vaca integral pó,https://encrypted-tbn0.gstatic.com/images?q=tbn:ANd9GcSxIqnqt-cHa16ex0ASPO1_mNNOz_FXBMYIYQ3t6Y4yJbvo_VyvXPOq6HKR1A&s
Leite fermentado,https://encrypted-tbn0.gstatic.com/images?q=tbn:ANd9GcS8SbrLIQuRHQLr7b5tRs_SH2vyQ4aIh7Lk2_fiZ3fUqZZBJobCswC9YVeIkEU&s
Queijo minas frescal,https://encrypted-tbn0.gstatic.com/images?q=tbn:ANd9GcTgjMMdLnYJZm-Xr1qw5k3MxJl3E2sTclEJcHY4wPMTEo71xzNo4M04eaHziR8&s
Queijo minas meia cura,https://encrypted-tbn0.gstatic.com/images?q=tbn:ANd9GcS3aaogQK2Hu9pbcPPdiCnPs0jMR_I849CSAAkKZQPlOW7tLaTcOACDV38DHhA&s
Queijo mozarela,https://encrypted-tbn0.gstatic.com/images?q=tbn:ANd9GcSHatSucYWh8lQ2kBrWuORjy2IV45hqXqWjJwUNmb4Att2BUAotZINJBpldEg&s
Queijo parmesão,https://encrypted-tbn0.gstatic.com/images?q=tbn:ANd9GcTb64vBw-kLHsABHEziNzkMWoWILGIAJ1JU5lm-_GrAOcez1xRhU4YsZ_hdjA&s
Queijo pasteurizado,https://encrypted-tbn0.gstatic.com/images?q=tbn:ANd9GcR4snkjbiRsHNmcmy0TeHYkmrQ77dhjLWvZ4BAK3APrsntwkDHYR56OYIx5jQQ&s
Queijo petit suisse morango,https://encrypted-tbn0.gstatic.com/images?q=tbn:ANd9GcS5R3s0okNZ8ereCSUl8g5vU0Q8rvKpfg49r2PzaT78-MOHbRwHdk84B8X5068&s
Queijo prato,https://encrypted-tbn0.gstatic.com/images?q=tbn:ANd9GcTuMaPkr7gjm8qev6LhNOza_47X_7ZZDltlcegbyO73KCOn0b3vuRqLv1-7nW8&s
Queijo requeijão cremoso,https://encrypted-tbn0.gstatic.com/images?q=tbn:ANd9GcSurwrU-adRSIME_uiJK53rcdpIaTYtIVN_uiw8UGz8e_nF_0Ggx1IZUoNRIw&s
Queijo ricota,https://encrypted-tbn0.gstatic.com/images?q=tbn:ANd9GcRppX6xbBBD2LIhCzNDWS88kaqn9jjrvLQvvQhxKNYLCju5qe6S7Dmf_84dzA&s
Bebida isotônica sabores variados,https://encrypted-tbn0.gstatic.com/images?q=tbn:ANd9GcQoRIJNdJgfvTWqHrhbzJRKybEp6gGljJ2lbERim2mdBScNYmoiMPUHF6zMkw&s
Café infusão 10%,https://encrypted-tbn0.gstatic.com/images?q=tbn:ANd9GcQbeJfhSvSpMo_8FLG1TL-ALBxxJXS3yNZY66BJcCrXVy9COKQuQLiUFx9XDw&s
Cana caldo de,https://encrypted-tbn0.gstatic.com/images?q=tbn:ANd9GcQBEQqWy0Qc8_581-5fr_YKLfIZAtZFZn5r6EnoDEnSkHnVG5IAD3WaB17hJA&s
Chá erva-doce infusão 5%,https://encrypted-tbn0.gstatic.com/images?q=tbn:ANd9GcRMRXLK5cm7Y7QDrfMQC52eJqOUi0xKTzsFEFdJ3DIwTLozF_KC4vmCOozJcQ&s
Chá mate infusão 5%,https://encrypted-tbn0.gstatic.com/images?q=tbn:ANd9GcRQ9Rxpsb7adcgRAMt5fC92wh7ER_BRdQzPSxsBDbr4AunAlx1uQZ0gfwrCUa0&s
Chá preto infusão 5%,https://encrypted-tbn0.gstatic.com/images?q=tbn:ANd9GcS5LDmrKeQ5RRm-dYhr9vLPjJlpw6yFLxmIkCxmlJ5uIeDaP-sgFv10Wj0oDEg&s
Coco água de,https://encrypted-tbn0.gstatic.com/images?q=tbn:ANd9GcSsJ3yyOw8rOzxIZmhuBpoXGWyeOJARW8aye-hbwNvCODAaXNyK9Jfz3iI0LI4&s
Refrigerante tipo água tônica,https://encrypted-tbn0.gstatic.com/images?q=tbn:ANd9GcRmOZfZ3CaRMrJivi2tQql0MmI7QcyjbuMiVilwlRQPQVUMRjx97e5_aej9lw&s
Refrigerante tipo cola,https://encrypted-tbn0.gstatic.com/images?q=tbn:ANd9GcSM3Imi2J_mqtDbQ-8V8GJUqZYMCm8q6mvND637HPGj-DKiuKxDewjdkVsSGu8&s
Refrigerante tipo guaraná,https://encrypted-tbn0.gstatic.com/images?q=tbn:ANd9GcTOBpniTRRiARoFxkxN-NOT72Auvij1nzktV2DkVTHG3ZTaVawuonrVrV1CPk4&s
Refrigerante tipo laranja,https://encrypted-tbn0.gstatic.com/images?q=tbn:ANd9GcR0-PeYqN4geDtsxCMDaOQsvacxCGXRAJLiXbtkF0T49vwmz1jnQZZFbtOuGkQ&s
Refrigerante tipo limão,https://encrypted-tbn0.gstatic.com/images?q=tbn:ANd9GcQSMHxYO3IG8ATxVP0CqsaR1FQALsW2dZzRhIzTVKtacc4Ju7KOJHx1VEwya0g&s
Omelete de queijo,https://encrypted-tbn0.gstatic.com/images?q=tbn:ANd9GcScAI1hQ3KjmkrE4J2tAFUUjc1bVYnqrF2ZjFy-xwaDBFhJVvYDdKflxROcgA&s
Ovo de codorna inteiro cru,https://encrypted-tbn0.gstatic.com/images?q=tbn:ANd9GcR8AbAYpBPtk0TtTeGflsqCBQ-qwHnLEfdSTawkSUl3vBsjh89Kpx8GtBNEuA&s
Ovo de galinha clara cozida por 10 minutos,https://encrypted-tbn0.gstatic.com/images?q=tbn:ANd9GcRZLgV5Wp68OLUDDldMXGF3szTjZ7GUscHBoJMvYJqynGWPp5meAARHswJtcFA&s
Ovo de galinha gema cozida por 10 minutos,https://encrypted-tbn0.gstatic.com/images?q=tbn:ANd9GcRcko9Z-aoHWAGZN7I2Hr1U2EZgtWxHwGdK-2r4qH9pe3CErwft_tsZnnB6k8A&s
Ovo de galinha inteiro cozido por 10 minutos,https://encrypted-tbn0.gstatic.com/images?q=tbn:ANd9GcRcko9Z-aoHWAGZN7I2Hr1U2EZgtWxHwGdK-2r4qH9pe3CErwft_tsZnnB6k8A&s
Ovo de galinha inteiro cru,https://encrypted-tbn0.gstatic.com/images?q=tbn:ANd9GcRemGhbrsKWySORCHepPqhxDP0A8qaQFfwa6WTMH_N8UzO4_14vUhJECTnalQ&s
Ovo de galinha inteiro frito,https://encrypted-tbn0.gstatic.com/images?q=tbn:ANd9GcQgG7RbU8aRwSYOuWxBd0Df5dr2F5Qn-M8JVpT6KKCKh8mCC3a5xjQlPBnzTA&s
Achocolatado pó,https://encrypted-tbn0.gstatic.com/images?q=tbn:ANd9GcRaOYwO5vfHo8jf6MEX0NzgLPHD2X_1omQRkZLxqLE9d_m87RYu_HNDNrV_BA&s
Açúcar cristal,https://encrypted-tbn0.gstatic.com/images?q=tbn:ANd9GcQRkw3XDzdXextWI2dX32CiblB2LDYq-VhjlCew637d-0PaabXHkxUUqJsdb_w&s
Açúcar mascavo,https://encrypted-tbn0.gstatic.com/images?q=tbn:ANd9GcTjoLLXM4R2bmrQ0lpBlylEzA8QK2In6_gePdbACqdFj-hz55ps-GYdtuAFYA&s
Açúcar refinado,https://encrypted-tbn0.gstatic.com/images?q=tbn:ANd9GcTGXk2yx2zbxDQvELFf1PmH-7VrukfEfQ4jsPHMGizTJJUX0AWZe9FqGSHldA&s
Chocolate ao leite,https://encrypted-tbn0.gstatic.com/images?q=tbn:ANd9GcTfdbzai5nQrLwqsFGww523Rn4XzOqZ9PYXTJNLL2r5a8FtBRWfEOuGU_MboEI&s
Chocolate ao leite com castanha do Pará,https://encrypted-tbn0.gstatic.com/images?q=tbn:ANd9GcQbbZ5yFqO0kVVT1y3BwHLeMwlbLfokFcV1gj2b6gnn-3Na5D0i2GKk5iFYW20&s
Chocolate ao leite dietético,https://encrypted-tbn0.gstatic.com/images?q=tbn:ANd9GcSB3DEx8H9yJ6nA7acBaALu6uHG6s2yGCaKlRAe3jn56k3eSkSlj06--xJy0w&s
Chocolate meio amargo,https://encrypted-tbn0.gstatic.com/images?q=tbn:ANd9GcSv-7UJOe4kJBgSMolGi8kTIGJ03CZAlD7TSH8Tuj4z2vagDfdAUZvd-eVYfg&s
Cocada branca,https://encrypted-tbn0.gstatic.com/images?q=tbn:ANd9GcQ73KtPHkC3ur0WO3OuWKCiOvcJHFN6dpUcosrOUseOecfapUxQhaIt4enadkY&s
Doce de abóbora cremoso,https://encrypted-tbn0.gstatic.com/images?q=tbn:ANd9GcQgfbTk3gBgyKzi2JwOgfOcmmgVsipx4dnwDN1L9-xRbQsQB70v_trqvRW-3g&s
Doce de leite cremoso,https://encrypted-tbn0.gstatic.com/images?q=tbn:ANd9GcTK42qt1007WsS_7yhNjVk1mK297inxyTCmt8oUCf4MhzUVwVdLsHqXkYE-1A&s
Geléia mocotó natural,https://encrypted-tbn0.gstatic.com/images?q=tbn:ANd9GcRIv9MyAccwEGB2CJC_kseUlArwqnMrZdbLcHeT5r1-LXZKVTZWw-bB7crJgA&s
Glicose de milho,https://encrypted-tbn0.gstatic.com/images?q=tbn:ANd9GcT0PFw57plztNoYvgNihFjA0_hxbAP7L-_ZK-USHhKYwBJN1p1J0KZKqA9hLQ&s
Maria mole,https://encrypted-tbn0.gstatic.com/images?q=tbn:ANd9GcQtljnG4y2i3htRmHumrnkUF2mQe5rWg9xlv97lRGXsfp35BuhRtjxg7Lc3ng&s
Maria mole coco queimado,https://encrypted-tbn0.gstatic.com/images?q=tbn:ANd9GcRUq1ZKhjD6E5Btuaw8uA1_ke5xCrGUBZQ0Nyh0D58E4y9xz9bVhVx5yRmC1k0&s
Marmelada,https://encrypted-tbn0.gstatic.com/images?q=tbn:ANd9GcQL1tZaoEJy7wKDxkyhLFuDJ8nnPU-mznHCc_E-l9Fy1IbuRKghzGReLn5lmE8&s
Mel de abelha,https://encrypted-tbn0.gstatic.com/images?q=tbn:ANd9GcSjAMhh1D2o0r-gpE_9SSV5heg8aDPppwtMYgcM4sb2MYbgkvRh-o0kH4h786k&s
Melado,https://encrypted-tbn0.gstatic.com/images?q=tbn:ANd9GcQpDIa9mvfcoPuX2gmHYEEJShhxBnVxBKwWhK-A9NwZPIlx1iJ84_eAkqw-zg&s
Quindim,https://encrypted-tbn0.gstatic.com/images?q=tbn:ANd9GcRftYb9thJWWZe2fysGbeffoNoqYC1bWlMbUxT_eS9yKKYNT9ML_0_JGfYkAA&s
Rapadura,https://encrypted-tbn0.gstatic.com/images?q=tbn:ANd9GcSbVoGaoUmo0uottZHm5AnFqs6BebRllQAPaMM_69tgQvyMs1p_HosIpjFgVA&s
Café pó torrado,https://encrypted-tbn0.gstatic.com/images?q=tbn:ANd9GcQL27ukDlRnAl7t1ccTLA0ttcuiPC0hdSUjYuH4EBrU_hxk7m3gwUWdvN_0aA&s
Capuccino pó,https://encrypted-tbn0.gstatic.com/images?q=tbn:ANd9GcSp45RDaMns_ChMrrECkJ34RwGm3kiKdk-jTdfT6PHXm0p9Pknk5TSOFOepXg&s
Fermento em pó químico,https://encrypted-tbn0.gstatic.com/images?q=tbn:ANd9GcQ5QMGz6l-_bysuJ9MUxAuqmg_HBJH2Nyovky7Xa-6pjZs-OHRPPrrYIM38gQ&s
Fermento biológico levedura tablete,https://encrypted-tbn0.gstatic.com/images?q=tbn:ANd9GcSqqOb8Yh7qIlErMMvMCGYGxJdFVtDUM9Oz6DrBe0-wcaJujMtleAI8D2tKQaw&s
Gelatina sabores variados pó,https://encrypted-tbn0.gstatic.com/images?q=tbn:ANd9GcRjIq5AznS6L0Qz7R9n6j1PXKvAsvjwaabWEncgjgyYCabVnTmyKZickIRnyQ&s
Sal dietético,https://encrypted-tbn0.gstatic.com/images?q=tbn:ANd9GcT6RWY3Os89Z_7iUcjzpjG8KdCiUA7zRJ2dV9SRYEw2cWeJgJXVs2B7wAor3Q&s
Sal grosso,https://encrypted-tbn0.gstatic.com/images?q=tbn:ANd9GcRwKD1IwpsX4UM4qDjiy0AXSopAGIUGEOYOHNO7m7QGfgBj-5ItNXUKJdUqlA&s
Shoyu,https://encrypted-tbn0.gstatic.com/images?q=tbn:ANd9GcSrAgILsvoyCj-x5RBNj-EC9H5DrhLZCqKFaaw-akYIsrTosj1_D4sciYdSHBM&s
Tempero a base de sal,https://encrypted-tbn0.gstatic.com/images?q=tbn:ANd9GcSKwaEMnNOiMwcykNdh5U3tlz_owyCO7YWB6yRi6x9OpxGC5nqk6g8HXlOPMg&s
Azeitona preta conserva,https://encrypted-tbn0.gstatic.com/images?q=tbn:ANd9GcQLbyuZZ9zWp17pZw9YnG31KTOFwVtu21hdB9keRDIXFOPlv4PRm1dls44T3w&s
Azeitona verde conserva,https://encrypted-tbn0.gstatic.com/images?q=tbn:ANd9GcRvageng6eWU6D9lWp2jpx1sSI0WcOZTnJcMEYH4wXoI-wb7llMkbYZPtbuyw&s
Chantilly spray com gordura vegetal,https://encrypted-tbn0.gstatic.com/images?q=tbn:ANd9GcQprl1tDRrv8uvMoOUcdHQqFgFJChXfKb8gCxMjV_WM4FojtzrSAUzGYPko0Q&s
Leite de coco,https://encrypted-tbn0.gstatic.com/images?q=tbn:ANd9GcSqWYLsPxabI73T6Zx55QqzvVUDNdKu2cJc-KUU4lNL2HRfvLFBFWHIgaw44Q&s
Maionese tradicional com ovos,https://encrypted-tbn0.gstatic.com/images?q=tbn:ANd9GcQpOZhYTQoYaEfx_iBYkXmBP6nFYGfwoHwvk3PaNjP1mZxF8rugrziiwNx6CQ&s
Acarajé,https://encrypted-tbn0.gstatic.com/images?q=tbn:ANd9GcRWRGVqDmFcaRASrZHzUwVZ4io7f6SUx5Ao-Q2VAAy8Fzgw5ZRBB4_pJJQfmJg&s
Arroz carreteiro,https://encrypted-tbn0.gstatic.com/images?q=tbn:ANd9GcRH5ZRzUb7j-Rv3CxFxZ2CGvKl7SXpy03gTHMOHYoC4nVBPIC6cFOBJh3vWNtk&s
Baião de dois arroz e feijão-de-corda,https://encrypted-tbn0.gstatic.com/images?q=tbn:ANd9GcRA2s8-JHkuiNBIDAmD_Torea-bZxME21rMd9jZAH9GAnteolPl59kg63d5YQ&s
Barreado,https://encrypted-tbn0.gstatic.com/images?q=tbn:ANd9GcS5Q8BmqUdjOzckMvLw-zjiP-LA54wHLOLbzaU0vmozrWKYN7-N4o9CBHrz_g&s
Bife à cavalo com contra filé,https://encrypted-tbn0.gstatic.com/images?q=tbn:ANd9GcRj7DAln-zxQm1ME8IpqhVq9snJOVa-TOR7Qg15UfPhXx49w0sRP6Y1kOZifA&s
Bolinho de arroz,https://encrypted-tbn0.gstatic.com/images?q=tbn:ANd9GcQvE8qe4_RyKZDwkgFXHxI162vw-F_m3QRO9HskyI8CJDRuL-YbjpjWq66yKw&s
Camarão à baiana,https://encrypted-tbn0.gstatic.com/images?q=tbn:ANd9GcRBYaLMoINXDyAtM9TNZWzretdy3k0_qzcuSCcPmePaIkjpADauOv5mQmXL7W0&s
Charuto de repolho,https://encrypted-tbn0.gstatic.com/images?q=tbn:ANd9GcQ4OHKR1hqMBjsFU4FAcoFp0Y5Dt30wiwa3sESdPuQPhXs-q0q2WJKY-SWUGCY&s
Cuscuz de milho cozido com sal,https://encrypted-tbn0.gstatic.com/images?q=tbn:ANd9GcTAq-YcEWatHNE42H-j13bSCA9RVtFHSM_9lY7cs55bJmkmp2irv3YVOj6onQ&s
Cuscuz paulista,https://encrypted-tbn0.gstatic.com/images?q=tbn:ANd9GcQ5sVkQ7zsDbWyBMqo0Hld9TJBRhqstrosWGhHHWi83l4S3h3eQABu6MezGRy4&s
Cuxá molho,https://encrypted-tbn0.gstatic.com/images?q=tbn:ANd9GcRfxqxWIKdO9E9fsAHcUiRnvMKL_5xP8Row5YA6XT4Fq6CjMK9VS4EyLOqn0eg&s
Dobradinha,https://encrypted-tbn0.gstatic.com/images?q=tbn:ANd9GcS0N4jHd4EnCYYAnLrEFgNrfyqmUuSl1fzCgOBIl06wAdgYeClf_JO4Hu8mmg&s
Estrogonofe de carne,https://encrypted-tbn0.gstatic.com/images?q=tbn:ANd9GcQsPmHmqJ-i9r8Xc9Ickgv6_6UT8NeoQP4WS_dPKiD-Z_6hW0CGafNS89kYWBg&s
Estrogonofe de frango,https://encrypted-tbn0.gstatic.com/images?q=tbn:ANd9GcT0rwCFLnwC45_epkC3qrNqTdDCchPOJ4BjZWKSrREJvdvJTJvHdxaFx90KbTM&s
Feijão tropeiro mineiro,https://encrypted-tbn0.gstatic.com/images?q=tbn:ANd9GcQ4jPOw-uBSQBFCBlMHK5ajmgz_zasFuQUIJwLB6U1P0IbgfAByVk7sQs1kotw&s
Feijoada,https://encrypted-tbn0.gstatic.com/images?q=tbn:ANd9GcR7i2qhT6eyIBESy53IiX9SpBrye7b7VyF19HtJTgLOUNziqX5FZLgyHGUTPQ&s
Frango com açafrão,https://encrypted-tbn0.gstatic.com/images?q=tbn:ANd9GcTGkuIWwfCLPZjv2Zg4bGSLCLfB0GGYAaCrwF_-6Z7LDPLXev4d74ZJ_NT7-as&s
Macarrão molho bolognesa,https://encrypted-tbn0.gstatic.com/images?q=tbn:ANd9GcTkAdfJ9Gt8J1eI7pllLXUVd3iSLwFhft2fyGt1ilgyUEwzbko3UlAAI0yEhQ&s
Maniçoba,https://encrypted-tbn0.gstatic.com/images?q=tbn:ANd9GcRa2FjCFDa1pEQETE1MjquogImBgQYsGZMsxTw0xmpk9dZOUXqmlBW0_Mp1l14&s
Quibebe,https://encrypted-tbn0.gstatic.com/images?q=tbn:ANd9GcSyWgeZyY3IBBuPzqmGc0W6qbpkGj4B4TufXVGnEnUv02ecccXyhIultCz8KGM&s
Salada de legumes com maionese,https://encrypted-tbn0.gstatic.com/images?q=tbn:ANd9GcTXCEC6L1blMkRdG2hetLeiaUSCFFMY3vPKpyz9hR8JGcfmji9QSvuJN85f6E8&s
Salada de legumes cozida no vapor,https://encrypted-tbn0.gstatic.com/images?q=tbn:ANd9GcRFl3FeknIfvkVCTPjQHjYioGDaZLyYOsjd_MrxuESzCZigGk2MV7LvLRMU26U&s
Salpicão de frango,https://encrypted-tbn0.gstatic.com/images?q=tbn:ANd9GcQD33sy0Mz1IQv9FHZcNWyfnfgUgYM431TBLdU9X3YVEeXmXbndutDqUd-6kQQ&s
Sarapatel,https://encrypted-tbn0.gstatic.com/images?q=tbn:ANd9GcSwZwMbPTlQA-GtFHyyqEAg1SgdIyiHSjlvTzWrBBubdE1CbuJQgU6XGIrdujA&s
Tabule,https://encrypted-tbn0.gstatic.com/images?q=tbn:ANd9GcS6Ku8ZbZbnfpoHqO3CYhB9jXl2ro3jRoCaJ7hYNTtkxrRm7e_j3mwqKiuerw&s
Tacacá,https://encrypted-tbn0.gstatic.com/images?q=tbn:ANd9GcTEulLNPfv6z0mxgcPjP1ZSrzePzLxAkgcN4Q3RZ1ZlIYRC1gfGvKt18rkEb_Y&s
Tapioca com manteiga,https://encrypted-tbn0.gstatic.com/images?q=tbn:ANd9GcSw1yA2VPfLKgtPPket4EeX4ehKRLbo4w3qv1Nz53iitvFvodwpQKDoOPnfsQ&s
Tucupi com pimenta-de-cheiro,https://encrypted-tbn0.gstatic.com/images?q=tbn:ANd9GcTuCA6rTmH9J1QWJcggVyfJ-ghf5ZI3z0hk-Va4tbZSudrAKK9fVmxb2Zu0kA&s
Vaca atolada,https://encrypted-tbn0.gstatic.com/images?q=tbn:ANd9GcRNtLt9OcCNfGkiJrg9_OfGfWISIVmKhElfdJUhsISNJOkf7shCIhObW9JAmA&s
Vatapá,https://encrypted-tbn0.gstatic.com/images?q=tbn:ANd9GcTZlMqsHiPAbW2jcdjgRYSuUAUS_jKcS6dXw_UbVD2y3dgyl_YDSnADc4D04eE&s
Virado à paulista,https://encrypted-tbn0.gstatic.com/images?q=tbn:ANd9GcQ-dG95LsEms8Z2qE5wki9BLUMTi2_fsztHLhGap-M7srF_BOiUYpzPgdK_7A&s
Yakisoba,https://encrypted-tbn0.gstatic.com/images?q=tbn:ANd9GcRUIkQ4rWwSieq4zc3_UF2t0KAhuENRyFFVpCVUm3tZSEhV_mLHqIqg93NUug&s
Amendoim grão cru,https://encrypted-tbn0.gstatic.com/images?q=tbn:ANd9GcRaxuw3jAi0sUZo514mYeQqgQCG1eZbdpjNTH-RVBzoKeFnobY0UJbMmzKkmIE&s
Amendoim torrado salgado,https://encrypted-tbn0.gstatic.com/images?q=tbn:ANd9GcQlVhRr5mo6pFXF2ejgUyVb_y0bF9zcBh-iUHQuI1lybvgAhpTCT8ix98l9sQ&s
Ervilha em vagem,https://encrypted-tbn0.gstatic.com/images?q=tbn:ANd9GcReAGEHtSFJQwiiDMNIdeCo8FVu8j4L_Cn0KUpFkhKMCJ7JmW9JGHkhC-_4vJw&s
Ervilha enlatada drenada,https://encrypted-tbn0.gstatic.com/images?q=tbn:ANd9GcQq11g9xENdic6HtxGROjNeHMgacT8NTCUYkcp1gWBmasvRC2p8yCBXpr-p-FE&s
Feijão carioca cozido,https://encrypted-tbn0.gstatic.com/images?q=tbn:ANd9GcQVQg6OZTHH9mtI_7wJ-OIjirSx3tfaxjhnYN42fICjJN1NrkbrvuB1m-9BX2o&s
Feijão carioca cru,https://encrypted-tbn0.gstatic.com/images?q=tbn:ANd9GcRkqjCq_KzzLR34ixamVM_nAlPAy3_qje9hcwGmQ-Q5jEStyJ-qPZ5-ZSKpnk8&s
Feijão fradinho cozido,https://encrypted-tbn0.gstatic.com/images?q=tbn:ANd9GcSWmEcyW8Uwgl6sPLLZ4r76MUVb8cSlAay8Vv-pi6uqSGaX2-8b8pB9Fb8w0Tk&s
Feijão fradinho cru,https://encrypted-tbn0.gstatic.com/images?q=tbn:ANd9GcQOo8daMDfNjJnOb1ll7G2y-aDvG6L5JQJORFyaI0YX1v9xUCBbhJ3d7-U7q68&s
Feijão jalo cozido,https://encrypted-tbn0.gstatic.com/images?q=tbn:ANd9GcR8GZkqfEKkBvwk9Qg0wmODwRunZQq8EfzgCS-nThzzD8b-NLhBjn0g-Qj7jQ&s
Feijão jalo cru,https://encrypted-tbn0.gstatic.com/images?q=tbn:ANd9GcSCCSAfJ7NofC2__tHsn9mgw1OO0Rlq9ebt5sVLajo78DxF6l6NOCf82JzQ_Q&s
Feijão preto cozido,https://encrypted-tbn0.gstatic.com/images?q=tbn:ANd9GcQoJzrzX2SmJgQ6e2ZJU3M4sLDI3KUYpdWn-UcXNEBiE7qIfkz9Cu_w0JScfK8&s
Feijão preto cru,https://encrypted-tbn0.gstatic.com/images?q=tbn:ANd9GcQPPXSJJ-XFHe6s4d1UHiDQ-Is7mJYt9RHrN3G6rr1GJ27ufCxiEJSgQIDzDQ&s
Feijão rajado cozido,https://encrypted-tbn0.gstatic.com/images?q=tbn:ANd9GcSnwbqzxrDp8WLos4LEF73-YyqrwXyLQYN8M_eUnSurHjCdnuLi8bMvy0_N2Q&s
Feijão rajado cru,https://encrypted-tbn0.gstatic.com/images?q=tbn:ANd9GcQvaC_VrIVA-repos2kwf-WkeLRpMgp_UGybxTuJwGthItyunTW38k2bFiFCg&s
Feijão rosinha cozido,https://encrypted-tbn0.gstatic.com/images?q=tbn:ANd9GcSqaHHsCk94n9D7C7lQvPKmL0KSTwGYmKz9qnYlaUoDdkYrgqVzcTOTigCLBCw&s
Feijão rosinha cru,https://encrypted-tbn0.gstatic.com/images?q=tbn:ANd9GcTa_kaVuD8VETTkanj42LtVmduASbpZPw1fNrvnD8FDbjGGpgfwx0ggCCeFTMs&s
Feijão roxo cozido,https://encrypted-tbn0.gstatic.com/images?q=tbn:ANd9GcRZk2Bzi9iEWgEDablAuSgBm7p6AgL-w_OgG59zojj8ZhW1GUSr1XrToe50Zss&s
Feijão roxo cru,https://encrypted-tbn0.gstatic.com/images?q=tbn:ANd9GcRNWF9K-ZQ6WXgJKMT9dHF0je8PxcYqBXGcUJBbM4p3snNMo3RtK6eZrNjRTnI&s
Grão-de-bico cru,https://encrypted-tbn0.gstatic.com/images?q=tbn:ANd9GcSZLV3VGbaoMdBHHLcDjMJ3ZxyFnSCmnStvUyNpKoxwqj3Ej8S-bUF_Np4s-2s&s
Guandu cru,https://encrypted-tbn0.gstatic.com/images?q=tbn:ANd9GcQjZUz0TzrBBIFL6YT4Q_aFCOVqtPs_QFr3vymIALPhV_4kjFwVRoJFJUw-Toc&s
Lentilha cozida,https://encrypted-tbn0.gstatic.com/images?q=tbn:ANd9GcSWNwjbzkddbkNeK8Z_yxz_7gH3xGYFQNKuwe-f-EHJWQDO--rnc3RmsHt-WA&s
Lentilha crua,https://encrypted-tbn0.gstatic.com/images?q=tbn:ANd9GcRUdSk9ATFkNrIX653s6_QpHI80unKb165E3viNr98fiwJ-Zhxdx2kVTMwCDmU&s
Paçoca amendoim,https://encrypted-tbn0.gstatic.com/images?q=tbn:ANd9GcTEqILqStlhqGtGq8prA-la6gL7NrthaRGk65_BudVDUf9ofIKqDv8bvrbGBg&s
Pé-de-moleque amendoim,https://encrypted-tbn0.gstatic.com/images?q=tbn:ANd9GcSlUsllcDDrNLjL5he7gc2Thte2xb-D7l66DyDEuNEC3Yk3LarnGFpdnuiTaA&s
Soja farinha,https://encrypted-tbn0.gstatic.com/images?q=tbn:ANd9GcRMjfUNWcAwN1QSvFSx6l3rOtR-chCHFkM8Hs-CdmGTOxDPYXnYD6GAh0ehC7Q&s
Soja extrato solúvel natural fluido,https://encrypted-tbn0.gstatic.com/images?q=tbn:ANd9GcTp7KRBooxkj5jKwikQjlO1nmEAqLwLNz-z3We9mgqnGJsY_H3pPB3yEwuP7A&s
Soja extrato solúvel pó,https://encrypted-tbn0.gstatic.com/images?q=tbn:ANd9GcQR16U_T5EcRg0MQ1iZWqA0dJnttmSoPh8Ja0EJDl_AFeHXCrUGxG36gv74Pw&s
Soja queijo (tofu),https://encrypted-tbn0.gstatic.com/images?q=tbn:ANd9GcQjOqfXUbZLb7YBO_gvvS_9Nrq70dH5040jXNPMRpGFQYSpfpdT6cJSRSs-jRQ&s
Tremoço cru,https://encrypted-tbn0.gstatic.com/images?q=tbn:ANd9GcQGplcx8lYY3BDsBg5qVFBOd_F3MLmVIq891OijDU-e7UXjs_cuo9HP3vajUA&s
Tremoço em conserva,https://encrypted-tbn0.gstatic.com/images?q=tbn:ANd9GcQI8PTw_31jeAaE7sRQ6cNN0mcYyf1iXhPFxTjIzrvf-19Es2QM0bdtXIqLvQ&s
Amêndoa torrada salgada,https://encrypted-tbn0.gstatic.com/images?q=tbn:ANd9GcSbqzxSBcbz6oqZDAXQEuek5PqOyn2bTOe1i8ulGfF8ZlKJAEDreNPG_9KXq5I&s
Castanha-de-caju torrada salgada,https://encrypted-tbn0.gstatic.com/images?q=tbn:ANd9GcRSwIzmuacfw50CVsbgpNH8RTsiaACEvoc6fdeirTWA7yx0LM7lmgmfP3jxPQ&s
Castanha-do-Brasil crua,https://encrypted-tbn0.gstatic.com/images?q=tbn:ANd9GcSBEQNYbqDxjZfMrBsZ1U-DgGAojwxeOVRdQi36y_sju9jKfuBZ7SsfhijhTcE&s
Coco cru,https://encrypted-tbn0.gstatic.com/images?q=tbn:ANd9GcQfgua3z9gtwHJdkOzKkIMFdGV7d513Qg62vL3W1eVjd5syIgxQT39kbmc9l78&s
Coco verde cru,https://encrypted-tbn0.gstatic.com/images?q=tbn:ANd9GcQO1ZGFeoG99Kb5egLmOqOlzEW1EE_b3OB7OufLgLfO39PfPqt_2-fnTs5k-48&s
Farinha de mesocarpo de babaçu crua,https://encrypted-tbn0.gstatic.com/images?q=tbn:ANd9GcRUpYnnaQPtd6qFWIf2Tgh4NHzPO-zSHanLwfalFSl2WyXPeXKA6O3SDxyfdQ&s
Gergelim semente,https://encrypted-tbn0.gstatic.com/images?q=tbn:ANd9GcRt0sMe1ZF2BIz-iOoTPPhW6kXDUtp-4wzMVZroVgWba0uL_0yNMVa6TbbWhdY&s
Linhaça semente,https://encrypted-tbn0.gstatic.com/images?q=tbn:ANd9GcQOB14TKOlremr_XRHsjHsN1XXkufl1dJdo1lJ4quOAHmIumK6fqIy3-XUlkg&s
Pinhão cozido,https://encrypted-tbn0.gstatic.com/images?q=tbn:ANd9GcRGmfp_soZOKENlVE0QqaEvPh7I8Ci0qveBgQf0I7bp0pSNsJaYiC3E1Jj18w&s
Pupunha cozida,https://encrypted-tbn0.gstatic.com/images?q=tbn:ANd9GcSOvyXIrrs6ssHMbpkHfnkI8Xiw0JryztNKBLwh2AX_5s-my2NXvwXzzCGe8w&s
Noz crua,https://encrypted-tbn0.gstatic.com/images?q=tbn:ANd9GcTEbQRF1PIhdnhJ38t6Ua4O8WjqEQ6rIrgVU72dsE2bU1Xicnw5PaBqKqmpAQ&s
